time/iterations,custom/out_of_bounds_count,custom/timeout_count,rollout/ep_len_mean,custom/success_rate_total,time/total_timesteps,custom/episodes_total,custom/collision_count,custom/successes_total,time/time_elapsed,custom/goal_count,rollout/success_rate,rollout/ep_rew_mean,time/fps,custom/other_terminal_count,train/n_updates,train/approx_kl,train/explained_variance,train/std,train/entropy_loss,train/clip_range,train/policy_gradient_loss,train/clip_fraction,train/learning_rate,train/value_loss,train/loss
1,2,0,560.5,0.0,2048,2,0,0,4,0,0.0,-26.812548,430,0,,,,,,,,,,,
2,5,0,715.6,0.0,4096,5,0,0,11,0,0.0,-49.828671,360,0,10,0.008215159,0.16566169261932373,0.9988839030265808,-4.255700975656509,0.2,-0.007474664266919717,0.0671875,0.0003,0.5977549395174719,-0.050100814551115036
3,6,1,837.0,0.0,6144,7,0,0,18,0,0.0,-52.52135314285714,339,0,20,0.009761471,-0.009232044219970703,1.0039317607879639,-4.25897818505764,0.2,-0.009979675033537205,0.090576171875,0.0003,0.3083615202980582,0.027646318078041077
4,9,2,742.5454545454545,0.0,8192,11,0,0,25,0,0.0,-57.494143,327,0,30,0.0103224255,0.5182667374610901,1.0129294395446777,-4.283340936899185,0.2,-0.010115953157946934,0.118701171875,0.0003,0.13736312757246197,-0.05233802646398544
5,9,3,780.6666666666666,0.0,10240,12,0,0,32,0,0.0,-49.0881885,319,0,40,0.008560266,0.4643647074699402,1.0167222023010254,-4.298660261929035,0.2,-0.00825789706868818,0.087548828125,0.0003,0.40458863106323406,0.06725764274597168
6,11,4,815.4,0.0,12288,15,0,0,38,0,0.0,-42.89870173333334,315,0,50,0.010066698,0.8628295063972473,1.0193047523498535,-4.3101411506533625,0.2,-0.015381935810728465,0.13154296875,0.0003,0.02072713626548648,-0.034942589700222015
7,12,5,803.4705882352941,0.0,14336,17,0,0,45,0,0.0,-41.906345470588235,315,0,60,0.010680664,0.5577374696731567,1.042665958404541,-4.350896246731281,0.2,-0.01470522309828084,0.102685546875,0.0003,0.24046140542486683,-0.020638493821024895
8,13,6,824.2631578947369,0.0,16384,19,0,0,52,0,0.0,-42.34981473684211,314,0,70,0.0103050405,0.7062721252441406,1.0472509860992432,-4.389405490458012,0.2,-0.015059371577808633,0.111474609375,0.0003,0.11287775538221467,-0.06545872986316681
9,15,7,831.0454545454545,0.0,18432,22,0,0,58,0,0.0,-50.37603463636365,313,0,80,0.009123709,0.7343853116035461,1.0533294677734375,-4.404234583675861,0.2,-0.010920303873717785,0.1029296875,0.0003,0.15457780575961805,-0.0295509435236454
10,16,8,838.0,0.0,20480,24,0,0,65,0,0.0,-50.394176249999994,312,0,90,0.010939598,0.8228039741516113,1.066033124923706,-4.437651933729649,0.2,-0.015347647879389114,0.107177734375,0.0003,0.20562539960374124,-0.03399921581149101
11,20,8,794.1428571428571,0.0,22528,28,0,0,72,0,0.0,-57.40209325,311,0,100,0.0111971535,0.603213906288147,1.071030855178833,-4.456321506202221,0.2,-0.012081142951501533,0.123876953125,0.0003,0.16343021958891768,0.027828853577375412
12,23,8,781.0322580645161,0.0,24576,31,0,0,79,0,0.0,-66.74878380645161,309,0,110,0.008344589,0.45252346992492676,1.070844292640686,-4.463318212330341,0.2,-0.006101845507510006,0.070068359375,0.0003,0.27105318105896004,0.019970353692770004
13,29,8,717.3783783783783,0.0,26624,37,0,0,86,0,0.0,-68.7831144864865,308,0,120,0.008248104,0.4273134469985962,1.087245225906372,-4.487820659577847,0.2,-0.0151056148664793,0.12353515625,0.0003,0.26019863262190485,0.3354215919971466
14,31,8,716.1282051282051,0.0,28672,39,0,0,93,0,0.0,-69.8041926923077,307,0,130,0.010494011,0.49396204948425293,1.1064156293869019,-4.535076935589314,0.2,-0.013806471189309378,0.087939453125,0.0003,0.4952550633810461,0.059860557317733765
15,32,10,729.8095238095239,0.0,30720,42,0,0,100,0,0.0,-71.22198066666667,305,0,140,0.01127388,0.7760254144668579,1.1044981479644775,-4.55899738818407,0.2,-0.014706593216396868,0.1236328125,0.0003,0.12826877596089617,-0.044801414012908936
16,36,10,708.695652173913,0.0,32768,46,0,0,107,0,0.0,-76.16758095652173,305,0,150,0.008993415,0.805008590221405,1.102522373199463,-4.55303368717432,0.2,-0.010934453434310853,0.10341796875,0.0003,0.08594471693213564,-0.03572465851902962
17,37,10,718.7021276595744,0.0,34816,47,0,0,113,0,0.0,-76.98845621276594,305,0,160,0.011778827,0.8099001049995422,1.105741024017334,-4.555079859495163,0.2,-0.0155477858701488,0.109765625,0.0003,0.11518301794712897,-0.029544079676270485
18,39,12,715.6274509803922,0.0,36864,51,0,0,120,0,0.0,-75.29925947058824,305,0,170,0.0064711934,0.7869415283203125,1.1156549453735352,-4.572020135819912,0.2,-0.007026994122134056,0.074658203125,0.0003,0.08937544847431127,-0.039554253220558167
19,39,14,733.9056603773585,0.0,38912,53,0,0,127,0,0.0,-72.40714239622642,305,0,180,0.010920011,0.7223330140113831,1.1268932819366455,-4.602906516194343,0.2,-0.010172124864766374,0.092529296875,0.0003,0.12137875450134743,0.050282806158065796
20,40,15,733.2545454545455,0.0,40960,55,0,0,133,0,0.0,-71.6349888909091,305,0,190,0.009827178,0.894131064414978,1.1227471828460693,-4.607168480753899,0.2,-0.017082519669202156,0.12294921875,0.0003,0.03731179340102244,-0.06998134404420853
21,43,16,722.8813559322034,0.0,43008,59,0,0,140,0,0.0,-72.34144852542373,305,0,200,0.008296244,0.882172167301178,1.1393471956253052,-4.627953073382377,0.2,-0.008378214592812582,0.08759765625,0.0003,0.09700075535220094,-0.025984153151512146
22,44,17,731.2786885245902,0.0,45056,61,0,0,147,0,0.0,-73.39844321311475,305,0,210,0.009417394,0.475303590297699,1.155344843864441,-4.668109352886677,0.2,-0.011388768028700725,0.0859375,0.0003,0.20844187729526312,-0.04164431244134903
23,47,17,730.09375,0.0,47104,64,0,0,153,0,0.0,-75.6060715,306,0,220,0.008804665,0.7364362478256226,1.1716182231903076,-4.712713162600994,0.2,-0.011595269880490377,0.0810546875,0.0003,0.06023514654953033,-0.03250953555107117
24,49,18,733.6119402985074,0.0,49152,67,0,0,160,0,0.0,-77.19997877611941,306,0,230,0.010332779,0.19413286447525024,1.1852914094924927,-4.74894433170557,0.2,-0.010928714941837826,0.0994140625,0.0003,0.24993283947114833,-0.07038678973913193
25,51,18,739.0,0.0,51200,69,0,0,167,0,0.0,-75.46893498550725,306,0,240,0.008425721,0.6255371570587158,1.1851924657821655,-4.761105369031429,0.2,-0.009271603677188978,0.08349609375,0.0003,0.18775218802329618,-0.003631576895713806
26,52,19,739.9859154929577,0.0,53248,71,0,0,173,0,0.0,-74.39165588732394,306,0,250,0.009024857,0.8719386458396912,1.1861629486083984,-4.7656130030751225,0.2,-0.008159433020045981,0.076318359375,0.0003,0.13096709426026792,-0.06302502006292343
27,53,20,750.054794520548,0.0,55296,73,0,0,180,0,0.0,-75.76036173972602,306,0,260,0.0093492605,0.7377063035964966,1.1934447288513184,-4.775934471189975,0.2,-0.009311552197323181,0.09921875,0.0003,0.1437482909648679,-0.04563899338245392
28,55,21,748.8421052631579,0.0,57344,76,0,0,187,0,0.0,-76.40972435526315,306,0,270,0.012653299,0.9088199138641357,1.1919116973876953,-4.782613915205002,0.2,-0.015883233124623076,0.125732421875,0.0003,0.057793414971092714,-0.028987860307097435
29,56,22,749.8589743589744,0.0,59392,78,0,0,193,0,0.0,-76.25129348717948,306,0,280,0.006712797,0.677922785282135,1.2012217044830322,-4.7929333105683325,0.2,-0.0062798823259072375,0.0546875,0.0003,0.3344334207329666,0.22247079014778137
30,58,22,754.85,0.0,61440,80,0,0,200,0,0.0,-78.606643725,306,0,290,0.009096978,0.6817474365234375,1.2001736164093018,-4.8042130574584005,0.2,-0.008794458888587542,0.0890625,0.0003,0.07919680588238406,-0.06485652178525925
31,60,23,754.7590361445783,0.0,63488,83,0,0,207,0,0.0,-79.44079455421688,306,0,300,0.009726077,0.7269219160079956,1.2170385122299194,-4.822853980958461,0.2,-0.012396519075264224,0.109619140625,0.0003,0.12814492617035284,-0.040036801248788834
32,61,24,764.3529411764706,0.0,65536,85,0,0,214,0,0.0,-79.39555285882354,306,0,310,0.011876283,0.7257503271102905,1.228689432144165,-4.859935499727726,0.2,-0.013769167063583155,0.136279296875,0.0003,0.18387470649322496,-0.03494153544306755
33,63,25,757.2045454545455,0.0,67584,88,0,0,220,0,0.0,-77.52898181818182,306,0,320,0.010317912,0.7768480777740479,1.2358007431030273,-4.881134633719921,0.2,-0.010998383030528202,0.099560546875,0.0003,0.07450879446114414,0.08214254677295685
34,66,26,754.2608695652174,0.0,69632,92,0,0,227,0,0.0,-76.50940203260869,306,0,330,0.010549102,0.7543215155601501,1.245327353477478,-4.902314318716526,0.2,-0.010505926463520155,0.126513671875,0.0003,0.21418670350976754,-0.05669640377163887
35,67,27,757.2021276595744,0.0,71680,94,0,0,233,0,0.0,-77.49673409574469,306,0,340,0.011859597,0.6651769280433655,1.2431304454803467,-4.911767449975014,0.2,-0.008820629213005304,0.0982421875,0.0003,0.13481398758012803,-0.02165251225233078
36,69,27,763.8229166666666,0.0,73728,96,0,0,240,0,0.0,-76.04839135416667,306,0,350,0.00710663,-0.44141685962677,1.2663474082946777,-4.931046858429909,0.2,-0.008647530490998178,0.06865234375,0.0003,0.12294906570168677,-0.02322573773562908
37,71,28,763.89898989899,0.0,75776,99,0,0,247,0,0.0,-76.13922582828283,306,0,360,0.008335958,0.7129737138748169,1.2847703695297241,-4.985974080860615,0.2,-0.01028472810285166,0.08193359375,0.0003,0.09141426174901426,-0.049531783908605576
38,75,28,755.0,0.0,77824,103,0,0,253,0,0.0,-80.21386525000001,306,0,370,0.0078228805,0.7974013090133667,1.2839674949645996,-5.004810765385628,0.2,-0.010712311440147459,0.0951171875,0.0003,0.16069907609489748,0.002351868897676468
39,75,29,761.04,0.0,79872,104,0,0,260,0,0.0,-79.38526256,306,0,380,0.009134251,0.2304987907409668,1.2845065593719482,-5.000992982089519,0.2,-0.010878735325240996,0.081640625,0.0003,0.27593288947828115,-0.012738458812236786
40,76,31,758.23,0.0,81920,107,0,0,267,0,0.0,-80.16723565000001,306,0,390,0.009506011,0.7446499466896057,1.2956953048706055,-5.018601596355438,0.2,-0.012680050762719474,0.105859375,0.0003,0.0239829083555378,-0.047704458236694336
41,77,31,764.71,0.0,83968,108,0,0,274,0,0.0,-79.9631492,306,0,400,0.009480578,0.5931685566902161,1.2988364696502686,-5.038960921764374,0.2,-0.015546895316219889,0.11396484375,0.0003,0.044245363934896885,-0.03530583530664444
42,79,32,775.87,0.0,86016,111,0,0,280,0,0.0,-82.06112957,306,0,410,0.011286088,0.8416383266448975,1.3054808378219604,-5.045649935305119,0.2,-0.016340292623499408,0.106494140625,0.0003,0.05787532876711339,-0.04004611447453499
43,83,32,753.4,0.0,88064,115,0,0,287,0,0.0,-86.3975986,306,0,420,0.0065539884,0.6100307703018188,1.3152363300323486,-5.063002985715866,0.2,-0.007288657662866171,0.081396484375,0.0003,0.11543166639748961,-0.0428292416036129
44,84,34,752.17,0.0,90112,118,0,0,294,0,0.0,-88.06959748999999,306,0,430,0.010325748,0.6320350170135498,1.3243303298950195,-5.082785186171532,0.2,-0.013538430554035585,0.1021484375,0.0003,0.15051589921931735,-0.046884261071681976
45,85,35,751.76,0.0,92160,120,0,0,300,0,0.0,-88.85354724999999,306,0,440,0.0070481524,0.7424629926681519,1.3159246444702148,-5.087617331743241,0.2,-0.00873705763660837,0.0671875,0.0003,0.061367943718505555,-0.0632401630282402
46,88,35,736.57,0.0,94208,123,0,0,307,0,0.0,-90.26480008,306,0,450,0.008307047,0.7758741974830627,1.3210334777832031,-5.083401845395565,0.2,-0.010805992229143158,0.076025390625,0.0003,0.09884670693718363,-0.004031181335449219
47,92,36,739.85,0.0,96256,128,0,0,314,0,0.0,-89.50188503000001,306,0,460,0.008979241,0.10517841577529907,1.3468785285949707,-5.118457689881325,0.2,-0.00965442174929194,0.0708984375,0.0003,0.16148358735372312,-0.0122419074177742
48,96,36,729.68,0.0,98304,132,0,0,320,0,0.0,-89.74077037,306,0,470,0.010780457,0.7783786654472351,1.3472684621810913,-5.147780710458756,0.2,-0.011082357965642586,0.09697265625,0.0003,0.17626564458478242,-0.030137712135910988
49,98,37,736.66,0.0,100352,135,0,0,327,0,0.0,-87.71642444000001,306,0,480,0.0115801245,0.2126886248588562,1.3535611629486084,-5.156029491126537,0.2,-0.01234852495836094,0.137548828125,0.0003,0.20704814471537247,0.022227782756090164
50,99,38,756.42,0.0,102400,137,0,0,334,0,0.0,-86.81140033,306,0,490,0.009351917,0.2157161831855774,1.3649815320968628,-5.177967819571495,0.2,-0.007402920140884816,0.0982421875,0.0003,0.14816622911894228,0.06364034116268158
51,103,39,735.92,0.0,104448,142,0,0,340,0,0.0,-85.63200234000001,306,0,500,0.012541001,0.7129672765731812,1.3745431900024414,-5.20021592527628,0.2,-0.015764861495699733,0.1376953125,0.0003,0.057111718648229726,-0.034950610250234604
52,105,39,747.28,0.0,106496,144,0,0,347,0,0.0,-85.92628145,306,0,510,0.007951553,0.3320108652114868,1.3799362182617188,-5.216790249943733,0.2,-0.007984215633769054,0.07099609375,0.0003,0.32205295624444263,0.10674774646759033
53,110,39,717.48,0.0,108544,149,0,0,354,0,0.0,-84.75680587000001,306,0,520,0.010963945,0.18131935596466064,1.3824105262756348,-5.225785556435585,0.2,-0.009198160577216185,0.13798828125,0.0003,0.15564708878519012,-0.011007141321897507
54,113,39,721.05,0.0,110592,152,0,0,360,0,0.0,-85.80905322000001,306,0,530,0.010453889,0.646600604057312,1.3987672328948975,-5.243019443750382,0.2,-0.014505077789362986,0.10185546875,0.0003,0.2464365262130741,0.09772849828004837
55,114,40,720.54,0.0,112640,154,0,0,367,0,0.0,-87.99745013,306,0,540,0.0126441065,0.7570012211799622,1.4027578830718994,-5.2672448605299,0.2,-0.013103177919401788,0.127392578125,0.0003,0.1049172575440025,-0.07066279649734497
56,115,41,728.45,0.0,114688,156,0,0,374,0,0.0,-87.73566656000001,306,0,550,0.008933944,0.3740978240966797,1.4035346508026123,-5.273141433298588,0.2,-0.013082112568372394,0.09560546875,0.0003,0.06713394013349898,-0.07448415458202362
57,116,42,736.78,0.0,116736,158,0,0,381,0,0.0,-86.50994245999999,306,0,560,0.01049912,0.3900575637817383,1.4073846340179443,-5.277101895213127,0.2,-0.013402299216249958,0.10673828125,0.0003,0.07332405079214369,-0.062009792774915695
58,118,44,729.45,0.0,118784,162,0,0,387,0,0.0,-81.59837143,306,0,570,0.00897417,0.637321949005127,1.3990089893341064,-5.270901808142662,0.2,-0.011507712307502516,0.089892578125,0.0003,0.03798614458501106,-0.08042316138744354
59,121,45,721.97,0.0,120832,166,0,0,394,0,0.0,-80.68009002999999,306,0,580,0.008446971,0.8386803269386292,1.4142577648162842,-5.276334270834923,0.2,-0.012078217959788163,0.0810546875,0.0003,0.06823993121215607,-0.06863291561603546
60,125,45,705.3,0.0,122880,170,0,0,400,0,0.0,-84.19156009,306,0,590,0.011849238,0.12293070554733276,1.4388889074325562,-5.323759660124779,0.2,-0.0159199495887151,0.1009765625,0.0003,0.1649786161549855,0.02898290753364563
61,130,45,677.75,0.0,124928,175,0,0,407,0,0.0,-84.35832546,306,0,600,0.0108604655,0.7253351211547852,1.4474263191223145,-5.359379565715789,0.2,-0.018795878961100243,0.127001953125,0.0003,0.12967720384767745,-0.08616279810667038
62,132,46,679.29,0.0,126976,178,0,0,413,0,0.0,-83.95889290000001,306,0,610,0.011583376,0.6945624947547913,1.4563087224960327,-5.37588315308094,0.2,-0.013335592491785064,0.1275390625,0.0003,0.2399855769239366,-0.05574199929833412
63,135,46,673.51,0.0,129024,181,0,0,420,0,0.0,-83.01235178,306,0,620,0.010429316,0.7760519981384277,1.455981731414795,-5.380921795964241,0.2,-0.010819812120462301,0.090625,0.0003,0.14144491423503497,-0.056028369814157486
64,137,47,668.12,0.0,131072,184,0,0,427,0,0.0,-82.57443441000001,306,0,630,0.009501535,0.6831659078598022,1.461050033569336,-5.38727515488863,0.2,-0.009318145582801663,0.096875,0.0003,0.226620750449365,-0.030574645847082138
65,139,48,662.88,0.0,133120,187,0,0,434,0,0.0,-84.09874945,306,0,640,0.009310745,0.7952466011047363,1.473460078239441,-5.406070989370346,0.2,-0.010516629589255899,0.10859375,0.0003,0.06068573631637264,-0.015488598495721817
66,140,49,659.79,0.0,135168,190,1,0,440,0,0.0,-84.98317626,306,0,650,0.00864439,0.8187468647956848,1.484898567199707,-5.430159430205822,0.2,-0.008943302441912238,0.09091796875,0.0003,0.12744616962154395,-0.030055679380893707
67,142,49,667.74,0.0,137216,192,1,0,447,0,0.0,-85.29918756000001,306,0,660,0.010022616,0.13865655660629272,1.5193803310394287,-5.479402601718903,0.2,-0.012852321633545216,0.10712890625,0.0003,0.1328673590091057,-0.021674375981092453
68,144,51,657.47,0.0,139264,196,1,0,454,0,0.0,-84.08083391000002,306,0,670,0.011402094,0.6404522657394409,1.5479635000228882,-5.538492633402347,0.2,-0.01161441360891331,0.106591796875,0.0003,0.06565637854509987,-0.08438996970653534
69,144,52,657.47,0.0,141312,197,1,0,461,0,0.0,-84.00775926000001,306,0,680,0.013775966,0.2261601686477661,1.555194616317749,-5.5744793832302095,0.2,-0.017300722695654257,0.139599609375,0.0003,0.1167371947754873,-0.0782860815525055
70,147,52,664.12,0.0,143360,200,1,0,467,0,0.0,-84.74445291,306,0,690,0.0073375087,0.8609234690666199,1.5517644882202148,-5.578881953656674,0.2,-0.009519124176586046,0.073828125,0.0003,0.018781164038227872,-0.07599727064371109
71,148,53,683.24,0.0,145408,202,1,0,474,0,0.0,-84.60431325000002,306,0,700,0.0075368863,-0.0008034706115722656,1.571549892425537,-5.5939383372664455,0.2,-0.007494568458059803,0.076171875,0.0003,0.15886647914303467,-0.04303700849413872
72,150,54,671.15,0.0,147456,205,1,0,480,0,0.0,-83.91148723000002,306,0,710,0.007022338,0.8608871698379517,1.5637824535369873,-5.606083083152771,0.2,-0.009026942147465888,0.070751953125,0.0003,0.0306750695235678,-0.08788810670375824
73,153,54,649.43,0.0,149504,209,2,0,487,0,0.0,-82.87142343,306,0,720,0.0085353395,0.4899948835372925,1.5619930028915405,-5.593728177249432,0.2,-0.012016084938659332,0.07978515625,0.0003,0.10676078704418615,-0.05141131579875946
74,154,55,649.63,0.0,151552,211,2,0,494,0,0.0,-82.46077805000003,306,0,730,0.011412389,0.5721116065979004,1.5889948606491089,-5.617641316354275,0.2,-0.012140931730391458,0.098583984375,0.0003,0.20614732697140425,-0.060607198625802994
75,154,57,660.46,0.0,153600,213,2,0,500,0,0.0,-81.19923947000001,306,0,740,0.008518105,0.72792649269104,1.5804178714752197,-5.637160152196884,0.2,-0.007375686283921823,0.07626953125,0.0003,0.08141921811911743,-0.056535668671131134
76,155,58,678.58,0.0,155648,215,2,0,507,0,0.0,-80.35496806,306,0,750,0.009889096,0.8239437341690063,1.571715235710144,-5.618725962936878,0.2,-0.01328075049095787,0.1091796875,0.0003,0.02001659329253016,-0.06503203511238098
77,157,58,683.94,0.0,157696,217,2,0,514,0,0.0,-81.20042155,306,0,760,0.010745548,0.6518343687057495,1.5656312704086304,-5.606040523946286,0.2,-0.014133568285615183,0.1150390625,0.0003,0.058401536085875706,-0.08001778274774551
78,160,58,667.45,0.0,159744,220,2,0,520,0,0.0,-80.74447413000001,306,0,770,0.009162259,0.45801347494125366,1.5874685049057007,-5.623490683734417,0.2,-0.013220686439308339,0.10068359375,0.0003,0.08306739490508334,-0.01863420195877552
79,163,58,681.28,0.0,161792,223,2,0,527,0,0.0,-79.78641077,306,0,780,0.008221092,0.07146507501602173,1.5921087265014648,-5.646868325769901,0.2,-0.009556844002509024,0.06708984375,0.0003,0.16772230982023756,0.03442167118191719
80,168,58,674.3,0.0,163840,228,2,0,534,0,0.0,-80.93612125,306,0,790,0.009099901,0.7484586238861084,1.5940296649932861,-5.651508855819702,0.2,-0.01147257483098656,0.077685546875,0.0003,0.09209595520514995,-0.04238847643136978
81,170,58,691.05,0.0,165888,230,2,0,540,0,0.0,-80.11753248999999,306,0,800,0.009262681,0.5860235095024109,1.5899938344955444,-5.645960386097431,0.2,-0.015477864290005527,0.087353515625,0.0003,0.17569986328599044,-0.08040442317724228
82,173,59,686.45,0.0,167936,234,2,0,547,0,0.0,-79.35650858000001,306,0,810,0.0106818415,0.6318725347518921,1.6085442304611206,-5.667997692525387,0.2,-0.012228139513172209,0.100830078125,0.0003,0.0675208007072797,0.027886943891644478
83,174,60,688.26,0.0,169984,236,2,0,554,0,0.0,-79.15265178000001,306,0,820,0.009597867,0.30260342359542847,1.6144139766693115,-5.688676132261753,0.2,-0.011256600535125472,0.0994140625,0.0003,0.1277616363891866,-0.055067263543605804
84,174,61,688.26,0.0,172032,237,2,0,560,0,0.0,-79.51018516,306,0,830,0.009073196,0.7899569272994995,1.6168060302734375,-5.69369288533926,0.2,-0.014942136339959689,0.1146484375,0.0003,0.045644112597801725,-0.10050009191036224
85,176,62,700.73,0.0,174080,240,2,0,567,0,0.0,-80.92969232,306,0,840,0.010727806,0.7469699382781982,1.6137208938598633,-5.690835383534432,0.2,-0.015376794563781004,0.09970703125,0.0003,0.018647175613295985,-0.09027457982301712
86,177,63,717.18,0.0,176128,242,2,0,573,0,0.0,-79.97512789000001,306,0,850,0.0053257556,0.678613543510437,1.620964765548706,-5.696718160808087,0.2,-0.006098038752679713,0.0591796875,0.0003,0.05946823184349341,-0.024553444236516953
87,177,64,721.99,0.0,178176,243,2,0,580,0,0.0,-79.07194559999999,306,0,860,0.009405738,0.7420324087142944,1.635087251663208,-5.719724643230438,0.2,-0.013926978661038448,0.101220703125,0.0003,0.026683251508075045,-0.09198233485221863
88,177,66,726.53,0.0,180224,245,2,0,587,0,0.0,-78.54746715,306,0,870,0.006923778,0.9015393853187561,1.6444518566131592,-5.736145631968975,0.2,-0.008704988233512267,0.058740234375,0.0003,0.02558744063426275,-0.058415282517671585
89,181,67,731.36,0.0,182272,250,2,0,593,0,0.0,-77.99917705,306,0,880,0.012724436,0.8433441519737244,1.6401923894882202,-5.7420688137412075,0.2,-0.019256033713463693,0.149267578125,0.0003,0.019457675683952402,-0.10141293704509735
90,183,67,736.15,0.0,184320,252,2,0,600,0,0.0,-79.07121396999999,306,0,890,0.009851208,0.9022937417030334,1.6214423179626465,-5.71923226416111,0.2,-0.011741724246530794,0.091650390625,0.0003,0.051601336868770886,-0.05580175668001175
91,183,69,736.66,0.0,186368,254,2,0,607,0,0.0,-76.65048089,307,0,900,0.0077587245,0.7994512915611267,1.6289170980453491,-5.707634690403938,0.2,-0.012024481524713337,0.094921875,0.0003,0.08517675581242656,-0.06297387927770615
92,184,70,737.6,0.0,188416,256,2,0,613,0,0.0,-78.40881244,306,0,910,0.009455833,0.8838329315185547,1.619652509689331,-5.7063655108213425,0.2,-0.012519323811284266,0.11572265625,0.0003,0.012062750802579103,-0.0741444081068039
93,184,71,737.6,0.0,190464,257,2,0,620,0,0.0,-78.6011236,306,0,920,0.007400208,0.42475807666778564,1.6422199010849,-5.719174721837044,0.2,-0.004933470055402722,0.07021484375,0.0003,0.0695856079008081,-0.07125683128833771
94,186,73,740.19,0.0,192512,261,2,0,627,0,0.0,-81.60567173999999,306,0,930,0.008115444,0.8427631258964539,1.6423487663269043,-5.741706156730652,0.2,-0.010295027628308162,0.088671875,0.0003,0.02085290250252001,-0.08655437082052231
95,189,73,749.66,0.0,194560,264,2,0,634,0,0.0,-83.16218039000002,306,0,940,0.010052314,0.8033863306045532,1.6626636981964111,-5.757021793723107,0.2,-0.010220134955307002,0.105810546875,0.0003,0.05769034157274291,-0.05601929873228073
96,192,73,749.38,0.0,196608,267,2,0,640,0,0.0,-84.12768243000001,306,0,950,0.008022601,0.5645407438278198,1.6785043478012085,-5.79147332906723,0.2,-0.013929663796443493,0.0837890625,0.0003,0.06602245133108227,-0.07370490580797195
97,193,74,757.3,0.0,198656,269,2,0,647,0,0.0,-82.23077789000001,306,0,960,0.0077783563,0.8588522672653198,1.694112777709961,-5.818464435636997,0.2,-0.007045782427303493,0.08642578125,0.0003,0.15753703489317558,0.15489953756332397
98,195,76,766.75,0.0,200704,273,2,0,654,0,0.0,-79.19951188,306,0,970,0.007251302,0.906623899936676,1.6931122541427612,-5.830842882394791,0.2,-0.006477001760504209,0.10166015625,0.0003,0.030339342349907383,-0.07039511203765869
99,196,77,779.71,0.0,202752,275,2,0,660,0,0.0,-79.84473129000001,306,0,980,0.0132027855,0.844842791557312,1.693481683731079,-5.833593434095382,0.2,-0.015515372648951597,0.126953125,0.0003,0.02938407850160729,-0.08608567714691162
100,197,78,778.89,0.0,204800,277,2,0,667,0,0.0,-80.56394836,306,0,990,0.008162944,0.5992004871368408,1.70643949508667,-5.8416012421250345,0.2,-0.009371391343302093,0.07265625,0.0003,0.0714172570646042,-0.023651717230677605
101,199,79,786.08,0.0,206848,280,2,0,674,0,0.0,-79.28881748999999,306,0,1000,0.01015154,0.8530628681182861,1.7163341045379639,-5.865174613893032,0.2,-0.010284760774811729,0.12333984375,0.0003,0.05501671686361078,-0.03713267669081688
102,200,80,791.97,0.0,208896,282,2,0,680,0,0.0,-80.25765544,306,0,1010,0.0077917846,0.42822808027267456,1.7318475246429443,-5.888329999148846,0.2,-0.0053266878850990905,0.071337890625,0.0003,0.09517823828209657,7.662922143936157e-05
103,201,81,797.64,0.0,210944,284,2,0,687,0,0.0,-80.47386224,306,0,1020,0.00940195,0.6898499131202698,1.7466429471969604,-5.9132825344800946,0.2,-0.009347910375799984,0.08876953125,0.0003,0.08844001679390204,-0.04951196908950806
104,203,82,800.56,0.0,212992,287,2,0,694,0,0.0,-78.87772769000001,306,0,1030,0.008437627,0.8804179430007935,1.757537841796875,-5.933125975728035,0.2,-0.007597404537955299,0.083349609375,0.0003,0.04292273255705368,-0.031575217843055725
105,204,82,798.33,0.0,215040,289,3,0,700,0,0.0,-80.1494544,306,0,1040,0.008985804,0.7251650094985962,1.7862803936004639,-5.970887625217438,0.2,-0.012989444957929664,0.077099609375,0.0003,0.03625708821055014,-0.06844557821750641
106,205,84,806.31,0.0,217088,292,3,0,707,0,0.0,-78.93158530999999,306,0,1050,0.011805028,0.6215975284576416,1.7986857891082764,-6.001542343199253,0.2,-0.012444336534827016,0.103857421875,0.0003,0.0969764022884192,-0.03234900161623955
107,208,84,808.67,0.0,219136,295,3,0,714,0,0.0,-80.32666093,306,0,1060,0.009835417,0.6661534309387207,1.8133835792541504,-6.023352569341659,0.2,-0.010302162685547955,0.107373046875,0.0003,0.07298858341382583,-0.07504292577505112
108,210,85,794.57,0.0,221184,298,3,0,720,0,0.0,-80.41244931,306,0,1070,0.010882245,0.8773899078369141,1.8400719165802002,-6.06037138402462,0.2,-0.011918137872999068,0.105078125,0.0003,0.06620631900150328,-0.09732402116060257
109,212,86,793.45,0.0,223232,301,3,0,727,0,0.0,-78.01596882999998,306,0,1080,0.00826766,0.5617549419403076,1.8472779989242554,-6.085519500076771,0.2,-0.008423185968422332,0.08642578125,0.0003,0.13764781038917134,-0.00028080493211746216
110,213,87,794.49,0.0,225280,303,3,0,734,0,0.0,-78.22178706999998,306,0,1090,0.010174837,0.7861515283584595,1.8613331317901611,-6.103063370287418,0.2,-0.013505679111403879,0.0978515625,0.0003,0.07330596496758517,-0.07184331864118576
111,215,88,792.5,0.0,227328,306,3,0,740,0,0.0,-77.61880086000001,306,0,1100,0.010936283,0.6684924364089966,1.8846763372421265,-6.132174082100391,0.2,-0.012311206871527248,0.109130859375,0.0003,0.07415036087622866,-0.05919760465621948
112,215,89,801.13,0.0,229376,307,3,0,747,0,0.0,-77.13725747000001,306,0,1110,0.0071232235,0.4428999423980713,1.8985497951507568,-6.1604424774646755,0.2,-0.00903108179627452,0.09658203125,0.0003,0.16630841929581947,0.12299344688653946
113,215,91,819.7,0.0,231424,309,3,0,754,0,0.0,-74.75504023,306,0,1120,0.008447625,0.8845972418785095,1.8928565979003906,-6.167338499426842,0.2,-0.009703260028618387,0.090234375,0.0003,0.022337158318259755,-0.08856843411922455
114,215,93,826.1,0.0,233472,311,3,0,760,0,0.0,-73.75850132,306,0,1130,0.010508999,0.767730712890625,1.9100897312164307,-6.1750719338655475,0.2,-0.012379329185932875,0.0990234375,0.0003,0.019895132031524553,-0.08474618941545486
115,215,94,826.1,0.0,235520,312,3,0,767,0,0.0,-73.25912801,306,0,1140,0.009469446,0.4490719437599182,1.9239252805709839,-6.200035865604877,0.2,-0.010858781335991807,0.098388671875,0.0003,0.012832597966189496,-0.062260355800390244
116,215,96,826.99,0.0,237568,314,3,0,774,0,0.0,-72.28220609999998,306,0,1150,0.011209458,0.8793438076972961,1.9318498373031616,-6.216241171956062,0.2,-0.009853193102753722,0.121875,0.0003,0.0156127577269217,-0.038719091564416885
117,217,97,819.46,0.0,239616,317,3,0,781,0,0.0,-71.82795759,306,0,1160,0.009399161,0.7104870676994324,1.949242115020752,-6.240512825548649,0.2,-0.013958051090594382,0.0919921875,0.0003,0.01828357801568927,-0.07895345240831375
118,218,98,829.79,0.0,241664,319,3,0,788,0,0.0,-71.84731664,306,0,1170,0.008392466,0.6911599040031433,1.9576828479766846,-6.255901165306568,0.2,-0.007433421196765266,0.085009765625,0.0003,0.09781622847804101,-0.0316351093351841
119,219,99,827.6,0.0,243712,321,3,0,794,0,0.0,-70.54099833,306,0,1180,0.0088682715,0.6688175797462463,1.9696420431137085,-6.272132278978825,0.2,-0.012698529656336176,0.073193359375,0.0003,0.03943345439110999,-0.05722883343696594
120,221,101,827.54,0.0,245760,325,3,0,801,0,0.0,-68.3629334,306,0,1190,0.009057441,0.6032754182815552,1.9735572338104248,-6.286840927600861,0.2,-0.009184557788830715,0.10712890625,0.0003,0.080223136288987,-0.060614120215177536
121,223,101,839.43,0.0,247808,327,3,0,807,0,0.0,-68.89337411,306,0,1200,0.009984683,0.649098813533783,1.9858449697494507,-6.29876676350832,0.2,-0.014774062545620836,0.094091796875,0.0003,0.05073857359093381,-0.06400015205144882
122,225,102,837.45,0.0,249856,330,3,0,814,0,0.0,-70.75596333,306,0,1210,0.010168748,0.7566418647766113,1.994246244430542,-6.317117665708065,0.2,-0.013549396698363126,0.089599609375,0.0003,0.034938471514033155,-0.09549218416213989
123,226,103,834.71,0.0,251904,332,3,0,821,0,0.0,-70.7398745,306,0,1220,0.008709664,0.6998214721679688,1.992669939994812,-6.322781577706337,0.2,-0.014117231930140407,0.082958984375,0.0003,0.09651609120192006,-0.06691862642765045
124,230,104,826.51,0.0,253952,337,3,0,827,0,0.0,-70.04999618999999,306,0,1230,0.008487046,0.7947984337806702,1.9935035705566406,-6.319686667621136,0.2,-0.01351372668723343,0.078955078125,0.0003,0.030866602888272608,-0.06265810877084732
125,231,105,824.69,0.0,256000,339,3,0,834,0,0.0,-68.58776895999999,306,0,1240,0.009058456,0.6122817397117615,2.007296323776245,-6.3332360401749614,0.2,-0.013756516690773424,0.086865234375,0.0003,0.10304856454895343,-0.0784863755106926
126,234,105,815.56,0.0,258048,342,3,0,841,0,0.0,-69.56252932,306,0,1250,0.0075135343,0.7599833011627197,2.00723934173584,-6.341782242059708,0.2,-0.012350734503706917,0.068505859375,0.0003,0.048353687026246914,-0.06425542384386063
127,236,106,787.48,0.0,260096,346,4,0,847,0,0.0,-71.4251956,306,0,1260,0.009473745,0.819623589515686,2.017263889312744,-6.348529906570912,0.2,-0.014703552788705564,0.09931640625,0.0003,0.06208954755857121,-0.05617979168891907
128,238,107,800.85,0.0,262144,349,4,0,854,0,0.0,-71.68386084,306,0,1270,0.00852558,0.8145848512649536,2.046419858932495,-6.377020946145057,0.2,-0.012911643279949203,0.079833984375,0.0003,0.07559532806335482,-0.06401214748620987
129,240,107,804.57,0.0,264192,351,4,0,860,0,0.0,-70.66794456,306,0,1280,0.0072442284,0.7719259262084961,2.043830394744873,-6.396701796352863,0.2,-0.007396138153853826,0.073681640625,0.0003,0.0600800451124087,-0.07375876605510712
130,241,109,799.45,0.0,266240,354,4,0,867,0,0.0,-71.86153580999999,306,0,1290,0.0069968444,0.8779451847076416,2.0437965393066406,-6.397854819893837,0.2,-0.013254487741505727,0.07978515625,0.0003,0.061281428155780304,-0.041573140770196915
131,242,110,799.63,0.0,268288,356,4,0,874,0,0.0,-71.73056142,306,0,1300,0.007482364,0.43101465702056885,2.0410985946655273,-6.396627853810787,0.2,-0.013852728536585346,0.066162109375,0.0003,0.06643245154846227,-0.06547123193740845
132,244,111,791.57,0.0,270336,359,4,0,880,0,0.0,-71.71704611999999,306,0,1310,0.012883127,0.8421850204467773,2.0329253673553467,-6.386749628186226,0.2,-0.014908643602393568,0.132470703125,0.0003,0.025481198047054933,-0.0743180364370346
133,246,112,797.17,0.0,272384,362,4,0,887,0,0.0,-71.06424082,306,0,1320,0.009005999,0.48094606399536133,2.057788848876953,-6.39791287779808,0.2,-0.01281071122357389,0.0728515625,0.0003,0.11543827524583321,-0.06116741895675659
134,247,113,799.87,0.0,274432,364,4,0,894,0,0.0,-69.50455216000002,306,0,1330,0.008851376,0.7128056287765503,2.0740315914154053,-6.427631936967373,0.2,-0.009809745932579972,0.08388671875,0.0003,0.06735187155136373,-0.058146845549345016
135,249,114,802.9,0.0,276480,367,4,0,900,0,0.0,-70.19589248999999,306,0,1340,0.010740948,0.4882543087005615,2.0939154624938965,-6.45574586391449,0.2,-0.01225758894579485,0.1021484375,0.0003,0.02517060463724192,-0.0915384367108345
136,250,115,804.65,0.0,278528,369,4,0,907,0,0.0,-70.99727651,306,0,1350,0.009720962,0.3313558101654053,2.1145362854003906,-6.480610163509846,0.2,-0.013207133091054857,0.104638671875,0.0003,0.05024640987394378,-0.0885796844959259
137,250,117,814.88,0.0,280576,371,4,0,914,0,0.0,-70.48072531000001,306,0,1360,0.0076248953,0.8156217336654663,2.114957571029663,-6.497323186695576,0.2,-0.012089484598254785,0.0798828125,0.0003,0.034646953133051286,-0.057896167039871216
138,252,118,808.65,0.0,282624,374,4,0,920,0,0.0,-70.89029683,306,0,1370,0.009344585,0.7681775689125061,2.122812509536743,-6.506354473531246,0.2,-0.01222123418119736,0.095703125,0.0003,0.018089454902656142,-0.07388707250356674
139,252,119,812.47,0.0,284672,375,4,0,927,0,0.0,-69.57659415,306,0,1380,0.010533415,0.29824256896972656,2.157442569732666,-6.537172226607799,0.2,-0.012376028945436702,0.077490234375,0.0003,0.11066461654845625,-0.08809930086135864
140,254,120,815.63,0.0,286720,378,4,0,934,0,0.0,-68.95128663,306,0,1390,0.010761112,0.9040126204490662,2.149901866912842,-6.554075354337693,0.2,-0.011412863279110752,0.106103515625,0.0003,0.015018764047999867,-0.07800444960594177
141,256,121,807.76,0.0,288768,381,4,0,940,0,0.0,-67.36835379000001,306,0,1400,0.010567644,0.7882592678070068,2.1625258922576904,-6.5549861788749695,0.2,-0.011769414517038968,0.112353515625,0.0003,0.06637153039919212,-0.06900475174188614
142,257,122,803.48,0.0,290816,383,4,0,947,0,0.0,-65.82221574,306,0,1410,0.0077935727,0.5912712812423706,2.1921327114105225,-6.5832893118262295,0.2,-0.012357664539013057,0.07841796875,0.0003,0.06170295210176846,-0.049574051052331924
143,259,122,812.91,0.0,292864,385,4,0,954,0,0.0,-65.44790028,306,0,1420,0.011440624,0.6916327476501465,2.2076025009155273,-6.6154927760362625,0.2,-0.013035167123598512,0.09873046875,0.0003,0.01944660162407672,-0.05435531213879585
144,261,123,809.2,0.0,294912,388,4,0,961,0,0.0,-64.46378041999999,306,0,1430,0.008514043,0.6669622659683228,2.2255237102508545,-6.6357523709535595,0.2,-0.01565912629594095,0.080126953125,0.0003,0.03570265511953039,-0.0917794406414032
145,268,123,778.48,0.0,296960,395,4,0,967,0,0.0,-64.9812357,306,0,1440,0.0066182762,0.5239587426185608,2.2345733642578125,-6.653490124642849,0.2,-0.011361119415960274,0.058349609375,0.0003,0.039594095511711204,-0.07468947768211365
146,268,125,784.9,0.0,299008,397,4,0,974,0,0.0,-63.622954019999995,306,0,1450,0.008669508,0.5581328272819519,2.234246015548706,-6.655749015510082,0.2,-0.015688287661760114,0.07578125,0.0003,0.12093928298563697,-0.08024299144744873
147,271,125,782.16,0.0,301056,400,4,0,981,0,0.0,-66.53598668000001,306,0,1460,0.0074035656,0.7610909938812256,2.2139768600463867,-6.642289373278618,0.2,-0.010806970088742674,0.078271484375,0.0003,0.01913030857613194,-0.09160394966602325
148,274,126,769.71,0.0,303104,404,4,0,987,0,0.0,-65.40101628000001,306,0,1470,0.00883918,0.20464837551116943,2.231349468231201,-6.63701298236847,0.2,-0.010163532220758498,0.094140625,0.0003,0.16012202539714054,-0.04359849542379379
149,277,126,757.59,0.0,305152,407,4,0,994,0,0.0,-66.91749243,306,0,1480,0.011003735,0.266373872756958,2.2362003326416016,-6.652519078552723,0.2,-0.011025610359502025,0.097998046875,0.0003,0.09506268093537074,-0.0762452706694603
150,279,127,746.71,0.0,307200,410,4,0,1000,0,0.0,-68.71062914999999,306,0,1490,0.008216409,0.7484995722770691,2.236271858215332,-6.6525637865066525,0.2,-0.007773754268418998,0.067236328125,0.0003,0.0643108251868398,-0.07510241866111755
151,280,128,740.76,0.0,309248,412,4,0,1007,0,0.0,-68.92282406999999,306,0,1500,0.009102499,0.5587223768234253,2.273592472076416,-6.679524327814579,0.2,-0.013818360131699592,0.095947265625,0.0003,0.07153917039686349,-0.06362034380435944
152,281,129,737.31,0.0,311296,414,4,0,1014,0,0.0,-67.57061766000001,306,0,1510,0.0077247145,0.29152053594589233,2.2700355052948,-6.6963311150670055,0.2,-0.015103683460620233,0.067919921875,0.0003,0.028992087858932793,-0.08969908952713013
153,282,130,731.48,0.0,313344,417,5,0,1020,0,0.0,-69.38891536,306,0,1520,0.0098721795,0.7740805149078369,2.3007850646972656,-6.720322144031525,0.2,-0.011753858397423756,0.085400390625,0.0003,0.025081590812624198,-0.061850763857364655
154,284,131,724.64,0.0,315392,420,5,0,1027,0,0.0,-69.18010733999999,306,0,1530,0.0089465445,0.39349138736724854,2.312291145324707,-6.743588943779469,0.2,-0.011312548813293688,0.08544921875,0.0003,0.13769288246548966,-0.05876317247748375
155,285,132,730.77,0.0,317440,422,5,0,1034,0,0.0,-69.22964771,306,0,1540,0.008718057,0.7095993757247925,2.3358209133148193,-6.768546703457832,0.2,-0.011823126490344293,0.093408203125,0.0003,0.043307164138241205,-0.10420046746730804
156,285,134,740.89,0.0,319488,424,5,0,1040,0,0.0,-69.37037442999998,306,0,1550,0.011982668,0.5753634572029114,2.353755474090576,-6.797674652934075,0.2,-0.016544034583785106,0.11669921875,0.0003,0.06714024168468313,-0.05865304544568062
157,290,134,718.94,0.0,321536,429,5,0,1047,0,0.0,-67.29385979999999,306,0,1560,0.00835791,0.8827410936355591,2.318760395050049,-6.786345632374287,0.2,-0.008382152373087592,0.088232421875,0.0003,0.010028302718274063,-0.08615962415933609
158,291,135,727.68,0.0,323584,431,5,0,1054,0,0.0,-64.86420969000001,306,0,1570,0.010695247,0.6321262121200562,2.337514877319336,-6.780135031044483,0.2,-0.016359428100986406,0.10380859375,0.0003,0.14957622186630032,-0.05015317350625992
159,291,137,727.68,0.0,325632,433,5,0,1060,0,0.0,-63.25864599,307,0,1580,0.008468812,0.3790874481201172,2.342684745788574,-6.7949140012264255,0.2,-0.010305781400529668,0.092236328125,0.0003,0.05041912997839972,-0.06407909840345383
160,294,137,738.36,0.0,327680,436,5,0,1067,0,0.0,-65.22688815000001,306,0,1590,0.007785796,0.7125852108001709,2.3466956615448,-6.79883137345314,0.2,-0.01531353545433376,0.073681640625,0.0003,0.025588331140897935,-0.10511306673288345
161,295,138,745.0,0.0,329728,438,5,0,1074,0,0.0,-64.15683453000001,306,0,1600,0.01167722,0.5873193740844727,2.379073143005371,-6.823856410384178,0.2,-0.012138579339080025,0.127490234375,0.0003,0.1146832800237462,-0.07685516029596329
162,296,139,741.42,0.0,331776,440,5,0,1080,0,0.0,-64.87635244,307,0,1610,0.0073713087,0.414186954498291,2.4000933170318604,-6.855200859904289,0.2,-0.009483349972288124,0.078271484375,0.0003,0.04015231321827741,-0.08629554510116577
163,296,141,759.0,0.0,333824,442,5,0,1087,0,0.0,-63.28190682,307,0,1620,0.009290399,0.8478972315788269,2.388610363006592,-6.854006959497928,0.2,-0.006635864640702494,0.086474609375,0.0003,0.09384136031294474,-0.07564277946949005
164,297,142,769.33,0.0,335872,444,5,0,1094,0,0.0,-62.68233009999999,306,0,1630,0.010754224,0.9466723799705505,2.3860414028167725,-6.8502424851059915,0.2,-0.014328786623082124,0.119091796875,0.0003,0.01979009675196721,-0.09170550107955933
165,299,142,778.21,0.0,337920,446,5,0,1100,0,0.0,-63.63759519999999,306,0,1640,0.007427102,0.2475324273109436,2.3984017372131348,-6.851786655187607,0.2,-0.007052465123706497,0.069140625,0.0003,0.051655955126625484,-0.07985910773277283
166,300,143,781.87,0.0,339968,448,5,0,1107,0,0.0,-64.33718567999999,306,0,1650,0.01147862,0.6368875503540039,2.444251537322998,-6.8930261611938475,0.2,-0.011713051545666531,0.12373046875,0.0003,0.04799646869796561,-0.052446383982896805
167,301,144,781.86,0.0,342016,451,6,0,1114,0,0.0,-62.81317129,306,0,1660,0.008945056,0.7969400882720947,2.453372001647949,-6.9216378092765805,0.2,-0.013508763577556237,0.071240234375,0.0003,0.03500739918817999,-0.07338620722293854
168,303,145,782.85,0.0,344064,454,6,0,1120,0,0.0,-61.961827819999996,307,0,1670,0.011302344,0.6753725409507751,2.4265835285186768,-6.9132121577858925,0.2,-0.015559750855027232,0.103662109375,0.0003,0.09320845641195774,-0.08661547303199768
169,305,145,778.51,0.0,346112,456,6,0,1127,0,0.0,-63.190868380000005,307,0,1680,0.008752149,0.6743917465209961,2.444119691848755,-6.904284681379795,0.2,-0.011447409715037793,0.08701171875,0.0003,0.059098372419248334,-0.0666298195719719
170,306,146,784.57,0.0,348160,458,6,0,1133,0,0.0,-62.48614549,307,0,1690,0.010667764,0.6489533185958862,2.468158721923828,-6.931589829921722,0.2,-0.017101798774092458,0.101611328125,0.0003,0.06702555447118357,-0.10386033356189728
171,306,147,792.81,0.0,350208,459,6,0,1140,0,0.0,-61.04843602,307,0,1700,0.0109032,0.6363285779953003,2.4794669151306152,-6.951586832106114,0.2,-0.012714123277692124,0.104833984375,0.0003,0.06917448849999346,-0.08286111801862717
172,308,149,790.98,0.0,352256,463,6,0,1147,0,0.0,-59.78841353000001,307,0,1710,0.007489693,0.9457388520240784,2.4979751110076904,-6.969074523448944,0.2,-0.007236027895123698,0.07109375,0.0003,0.010731652127651614,-0.11882295459508896
173,309,149,790.44,0.0,354304,464,6,0,1153,0,0.0,-61.30073125999999,307,0,1720,0.008586804,0.67766273021698,2.5137135982513428,-6.989779990911484,0.2,-0.009525526539073325,0.079052734375,0.0003,0.10506209751620191,-0.041613973677158356
174,313,149,791.84,0.0,356352,468,6,0,1160,0,0.0,-60.63567246,307,0,1730,0.0104784435,0.42235469818115234,2.5365798473358154,-7.010171988606453,0.2,-0.013289913826156408,0.073583984375,0.0003,0.061772041064250514,-0.037194203585386276
175,313,150,791.84,0.0,358400,469,6,0,1167,0,0.0,-60.83941929,307,0,1740,0.009630285,0.4791719317436218,2.563823699951172,-7.0346779257059096,0.2,-0.009670383026241324,0.0947265625,0.0003,0.1860091210459359,-0.04341266304254532
176,315,151,781.69,0.0,360448,472,6,0,1173,0,0.0,-61.16856037999999,307,0,1750,0.00973325,0.8518390655517578,2.54056453704834,-7.038596734404564,0.2,-0.00906930857890984,0.09970703125,0.0003,0.018181248047039845,-0.045230381190776825
177,316,152,789.16,0.0,362496,474,6,0,1180,0,0.0,-59.553632760000006,306,0,1760,0.008409951,0.6183459162712097,2.550243854522705,-7.037251670658589,0.2,-0.013407748693134635,0.099365234375,0.0003,0.1084583928983193,-0.03447503596544266
178,318,153,787.11,0.0,364544,477,6,0,1187,0,0.0,-59.024381430000005,306,0,1770,0.010335978,0.7320812940597534,2.549137592315674,-7.0408760264515875,0.2,-0.011081010627094656,0.122607421875,0.0003,0.0547710455066408,-0.06144547462463379
179,319,154,783.69,0.0,366592,479,6,0,1195,0,0.0,-57.064712820000004,306,0,1780,0.009815834,0.7479411363601685,2.554678201675415,-7.045163376629352,0.2,-0.012752968787390273,0.0865234375,0.0003,0.0465920317270502,-0.0807366818189621
180,324,155,760.31,0.0,368640,485,6,0,1202,0,0.0,-58.69018446,306,0,1790,0.010820978,0.8105189800262451,2.5681581497192383,-7.062699818611145,0.2,-0.01239181391429156,0.108984375,0.0003,0.049916489399038255,-0.09625177085399628
181,327,155,754.01,0.0,370688,489,7,0,1209,0,0.0,-61.50252171999998,306,0,1800,0.008516064,0.48484307527542114,2.582275867462158,-7.076108431816101,0.2,-0.010416768112918362,0.0767578125,0.0003,0.13977485693176278,-0.07218137383460999
182,327,156,762.74,0.0,372736,490,7,0,1215,0,0.0,-60.74519514000001,306,0,1810,0.007977128,0.421977698802948,2.5914478302001953,-7.089859038591385,0.2,-0.010595114313764498,0.088037109375,0.0003,0.2565576271910686,-0.07845598459243774
183,328,158,781.05,0.0,374784,493,7,0,1222,0,0.0,-59.6075929,306,0,1820,0.00854027,0.4062676429748535,2.594022274017334,-7.09946473389864,0.2,-0.014563884437666274,0.08818359375,0.0003,0.06015784742921824,-0.09908218681812286
184,331,158,788.31,0.0,376832,496,7,0,1229,0,0.0,-60.70134244,306,0,1830,0.008878533,0.9222509264945984,2.5774219036102295,-7.088791546225548,0.2,-0.009030572732444852,0.084326171875,0.0003,0.02197921084225527,-0.0756407231092453
185,332,159,793.84,0.0,378880,498,7,0,1235,0,0.0,-61.021723140000006,306,0,1840,0.007454592,0.7525056004524231,2.611513614654541,-7.0993995577096936,0.2,-0.01207309733144939,0.06533203125,0.0003,0.09463344837204204,-0.05579325929284096
186,332,160,796.06,0.0,380928,499,7,0,1242,0,0.0,-58.10983717,306,0,1850,0.010724895,0.7902897596359253,2.620213031768799,-7.124668721854687,0.2,-0.014453033276367933,0.09248046875,0.0003,0.05880921953939833,-0.08970197290182114
187,333,162,801.47,0.0,382976,502,7,0,1249,0,0.0,-58.93419761999999,306,0,1860,0.009513418,0.8982656002044678,2.6407763957977295,-7.146427698433399,0.2,-0.012971845889114774,0.076806640625,0.0003,0.034912826337676964,-0.07214709371328354
188,336,163,812.26,0.0,385024,506,7,0,1255,0,0.0,-57.81003756999999,306,0,1870,0.0072823446,0.6659815311431885,2.64027738571167,-7.158998681604862,0.2,-0.010261848827940411,0.0845703125,0.0003,0.04113474152400158,-0.06022436171770096
189,336,164,818.42,0.0,387072,507,7,0,1262,0,0.0,-58.2253157,306,0,1880,0.007744755,0.7218389511108398,2.682760238647461,-7.18083872795105,0.2,-0.012594933368382044,0.070751953125,0.0003,0.06832101943000453,-0.09152648597955704
190,338,166,814.41,0.0,389120,511,7,0,1269,0,0.0,-56.61391702000001,306,0,1890,0.007841483,0.8634787797927856,2.6786131858825684,-7.202928344905376,0.2,-0.010127903945976869,0.07197265625,0.0003,0.03762875898828497,-0.0895712748169899
191,339,166,813.87,0.0,391168,512,7,0,1275,0,0.0,-57.346155409999994,306,0,1900,0.009028532,0.8039870858192444,2.705883741378784,-7.2131982550024984,0.2,-0.013109086875920184,0.083056640625,0.0003,0.0359497429948533,-0.09668898582458496
192,339,168,817.32,0.0,393216,514,7,0,1282,0,0.0,-57.661271279999994,306,0,1910,0.008376517,0.8267110586166382,2.7068049907684326,-7.230287759006023,0.2,-0.008955454913666472,0.086328125,0.0003,0.03893976568360813,-0.08780927956104279
193,340,169,825.78,0.0,395264,517,8,0,1289,0,0.0,-56.15864381999999,306,0,1920,0.009555845,0.8502596020698547,2.7071475982666016,-7.231919367611408,0.2,-0.014004547914373689,0.10087890625,0.0003,0.008424491588812089,-0.09082596749067307
194,340,170,825.78,0.0,397312,518,8,0,1295,0,0.0,-56.67159804999999,306,0,1930,0.010752375,0.39158886671066284,2.7128496170043945,-7.237771293520927,0.2,-0.010044457162439357,0.082373046875,0.0003,0.18092115368781378,-0.05355248227715492
195,340,172,838.47,0.0,399360,520,8,0,1302,0,0.0,-54.887834030000015,306,0,1940,0.008294052,0.843307614326477,2.7269740104675293,-7.253204049170018,0.2,-0.010734531574416905,0.088232421875,0.0003,0.021022639783041086,-0.04427279904484749
196,342,172,837.36,0.0,401408,522,8,0,1309,0,0.0,-54.76656973000001,306,0,1950,0.007979369,0.9252975583076477,2.7270314693450928,-7.259614643454552,0.2,-0.011672283193911425,0.071875,0.0003,0.012634219679239323,-0.09243942052125931
197,343,173,833.96,0.0,403456,524,8,0,1315,0,0.0,-54.16366327,306,0,1960,0.0086382665,0.7968621850013733,2.7413415908813477,-7.263858871161938,0.2,-0.008693648726330138,0.071728515625,0.0003,0.06254330424126238,0.046455465257167816
198,344,174,846.84,0.0,405504,526,8,0,1322,0,0.0,-53.76670429,306,0,1970,0.010162965,0.6319740414619446,2.7320122718811035,-7.265313079953193,0.2,-0.012086180721234996,0.094091796875,0.0003,0.06117719472385943,-0.07744749635457993
199,347,175,852.13,0.0,407552,530,8,0,1329,0,0.0,-55.14865152,306,0,1980,0.008434674,0.867642343044281,2.7490978240966797,-7.269878582656384,0.2,-0.010707934043603018,0.079833984375,0.0003,0.04220744204649236,-0.09249093383550644
200,348,176,854.76,0.0,409600,532,8,0,1336,0,0.0,-57.56408538999999,306,0,1990,0.007932411,0.6473169326782227,2.7524592876434326,-7.278472635149956,0.2,-0.008995322603732347,0.0791015625,0.0003,0.13493013131665066,-0.07236161828041077
201,348,177,854.76,0.0,411648,533,8,0,1342,0,0.0,-58.154737559999994,306,0,2000,0.010841573,0.8324555158615112,2.7548136711120605,-7.279844495654106,0.2,-0.011981464366544969,0.10859375,0.0003,0.01886496954903123,-0.050496749579906464
202,349,178,864.44,0.0,413696,535,8,0,1349,0,0.0,-56.12428148000001,306,0,2010,0.008399639,0.8683112859725952,2.785809278488159,-7.297217731177807,0.2,-0.009986735417624005,0.078271484375,0.0003,0.010968064928601962,-0.08364129066467285
203,349,180,873.65,0.0,415744,537,8,0,1356,0,0.0,-55.65783148000001,306,0,2020,0.010692016,0.5031899213790894,2.817082405090332,-7.335806608200073,0.2,-0.01428156765177846,0.087451171875,0.0003,0.023756782180862503,-0.11207690089941025
204,350,181,866.84,0.0,417792,539,8,0,1362,0,0.0,-55.17690710000001,306,0,2030,0.0065669054,0.6690651774406433,2.8131823539733887,-7.352014438807965,0.2,-0.008543339546304197,0.063330078125,0.0003,0.01170720445952611,-0.07845884561538696
205,352,182,856.97,0.0,419840,542,8,0,1369,0,0.0,-56.765315959999995,306,0,2040,0.007814033,0.7296324968338013,2.840961456298828,-7.366011215746402,0.2,-0.011414832653827034,0.081201171875,0.0003,0.020035139202082063,-0.08922336995601654
206,352,184,857.79,0.0,421888,544,8,0,1376,0,0.0,-56.633361990000004,306,0,2050,0.00848644,0.6706807613372803,2.8850762844085693,-7.410559523105621,0.2,-0.013933572469977663,0.0767578125,0.0003,0.04115161319932668,-0.07339641451835632
207,352,186,865.84,0.0,423936,546,8,0,1383,0,0.0,-53.68496109000001,306,0,2060,0.00769742,0.879010796546936,2.8965001106262207,-7.433163496851921,0.2,-0.009958191675832496,0.075048828125,0.0003,0.01553759824455483,-0.07125949114561081
208,354,186,867.23,0.0,425984,548,8,0,1389,0,0.0,-53.91291463,306,0,2070,0.0102802105,0.8635389804840088,2.900909423828125,-7.443602186441422,0.2,-0.013646536579472013,0.107080078125,0.0003,0.00985276004030311,-0.08587409555912018
209,355,187,862.32,0.0,428032,550,8,0,1396,0,0.0,-55.078261000000005,306,0,2080,0.0093630375,0.8246164321899414,2.9295616149902344,-7.458558684587478,0.2,-0.015516615833621471,0.090673828125,0.0003,0.07473263861320448,-0.06677912920713425
210,358,187,868.41,0.0,430080,553,8,0,1403,0,0.0,-57.38461613999999,306,0,2090,0.007110835,0.8906224370002747,2.9460198879241943,-7.483032354712487,0.2,-0.010126895891153254,0.066943359375,0.0003,0.011875997047536658,-0.08331538736820221
211,360,188,860.64,0.0,432128,556,8,0,1409,0,0.0,-55.87898992000001,306,0,2100,0.010361023,0.57086181640625,2.9356448650360107,-7.486766527593136,0.2,-0.012796086164598819,0.097705078125,0.0003,0.09957904414914083,-0.06466987729072571
212,362,189,835.98,0.0,434176,560,9,0,1416,0,0.0,-58.90774637000001,306,0,2110,0.010088829,0.8788028359413147,2.966158866882324,-7.498493897914886,0.2,-0.012670731799153146,0.08330078125,0.0003,0.06935076959052822,-0.07935774326324463
213,365,189,830.81,0.0,436224,563,9,0,1423,0,0.0,-58.97221777000001,306,0,2120,0.012061272,0.6792581081390381,2.9673213958740234,-7.514557975530624,0.2,-0.012735906298621558,0.114306640625,0.0003,0.12156931945064571,-0.0661836639046669
214,367,190,823.31,0.0,438272,566,9,0,1430,0,0.0,-55.67595686000001,306,0,2130,0.009578655,0.7560348510742188,3.0366554260253906,-7.547913604974747,0.2,-0.00889615835621953,0.074658203125,0.0003,0.0906020127600641,0.04816272109746933
215,368,191,831.22,0.0,440320,568,9,0,1436,0,0.0,-54.94310528999999,306,0,2140,0.008479431,0.12952053546905518,3.0258092880249023,-7.5769779026508335,0.2,-0.010370883526047692,0.069189453125,0.0003,0.1424651920213364,-0.046696074306964874
216,368,193,831.84,0.0,442368,570,9,0,1443,0,0.0,-54.721820820000005,306,0,2150,0.011958377,0.8326727151870728,3.060117721557617,-7.589628127217293,0.2,-0.014847290853504091,0.13564453125,0.0003,0.01968537044012919,-0.10578522831201553
217,368,195,841.37,0.0,444416,572,9,0,1450,0,0.0,-55.39118005000001,306,0,2160,0.00827953,0.9370206594467163,3.053670883178711,-7.6034008949995044,0.2,-0.011832893863902428,0.08203125,0.0003,0.007649366755867959,-0.10790373384952545
218,370,196,837.48,0.0,446464,575,9,0,1456,0,0.0,-56.31169277,306,0,2170,0.008683817,0.8579089641571045,3.0443999767303467,-7.593119783699512,0.2,-0.010065930421114899,0.10068359375,0.0003,0.01280466712123598,-0.08298736065626144
219,373,196,830.27,0.0,448512,578,9,0,1463,0,0.0,-57.8902994,306,0,2180,0.009334734,0.5421469807624817,3.1112945079803467,-7.622210168838501,0.2,-0.011757448011485394,0.09013671875,0.0003,0.04790346884255996,-0.09066321700811386
220,374,197,836.74,0.0,450560,580,9,0,1470,0,0.0,-57.40340917,306,0,2190,0.008223882,0.6182591915130615,3.1086528301239014,-7.653534533083439,0.2,-0.00722785024845507,0.073583984375,0.0003,0.09585891676251776,-0.05788765102624893
221,374,198,847.05,0.0,452608,581,9,0,1476,0,0.0,-57.38765054,306,0,2200,0.0068955375,0.8686120510101318,3.108427047729492,-7.64800131469965,0.2,-0.008023370718001388,0.07119140625,0.0003,0.0560937910238863,-0.0732320249080658
222,376,199,869.24,0.0,454656,584,9,0,1483,0,0.0,-57.0608917,306,0,2210,0.0065780496,0.9076189994812012,3.1192049980163574,-7.655992996692658,0.2,-0.009058633420499973,0.058740234375,0.0003,0.016050235663715284,-0.11335384100675583
223,378,199,863.17,0.0,456704,586,9,0,1490,0,0.0,-59.14166959999999,306,0,2220,0.010496936,0.7856436967849731,3.145176649093628,-7.670194987952709,0.2,-0.0160037474357523,0.08466796875,0.0003,0.03976690053459606,-0.10454843193292618
224,379,201,878.88,0.0,458752,589,9,0,1497,0,0.0,-56.84968685999999,306,0,2230,0.0070641283,0.843281090259552,3.1486098766326904,-7.686874561011791,0.2,-0.006828649761155247,0.071630859375,0.0003,0.08468072332325391,-0.08072229474782944
225,380,202,876.73,0.0,460800,591,9,0,1503,0,0.0,-56.472370839999996,306,0,2240,0.010064794,0.8098888993263245,3.1510837078094482,-7.688734790682792,0.2,-0.011949152167653665,0.114111328125,0.0003,0.02097423839732073,-0.08913607895374298
226,381,203,882.67,0.0,462848,593,9,0,1510,0,0.0,-57.25698724000001,306,0,2250,0.008358065,0.7978218793869019,3.1492271423339844,-7.681822639703751,0.2,-0.010150432927184738,0.090966796875,0.0003,0.04957308962912066,-0.07704348862171173
227,384,203,881.74,0.0,464896,596,9,0,1516,0,0.0,-57.33291314000001,306,0,2260,0.008760792,0.7545512914657593,3.1689181327819824,-7.69138061851263,0.2,-0.0070149081191630104,0.083154296875,0.0003,0.027428516449435846,-0.05988893657922745
228,386,204,870.84,0.0,466944,599,9,0,1523,0,0.0,-60.61320717,306,0,2270,0.007671927,0.7069875001907349,3.1796135902404785,-7.706928542256355,0.2,-0.009739444640581496,0.071240234375,0.0003,0.0801461803377606,0.0011056587100028992
229,388,204,874.81,0.0,468992,601,9,0,1530,0,0.0,-60.035132270000005,306,0,2280,0.0087731965,0.6168668270111084,3.1796436309814453,-7.712865000963211,0.2,-0.010535680764587597,0.07958984375,0.0003,0.11803041732637212,-0.06539188325405121
230,390,204,863.39,0.0,471040,604,10,0,1536,0,0.0,-62.11672135,306,0,2290,0.009121322,0.8522999286651611,3.211517095565796,-7.726383793354034,0.2,-0.009392806017422118,0.072265625,0.0003,0.059083617066789884,-0.08220619708299637
231,390,205,870.81,0.0,473088,605,10,0,1543,0,0.0,-61.757817270000004,306,0,2300,0.0079577975,0.5618550777435303,3.2367076873779297,-7.755394683778286,0.2,-0.006608281034277752,0.069482421875,0.0003,0.1394068797773798,-0.08896687626838684
232,391,207,874.84,0.0,475136,608,10,0,1550,0,0.0,-62.434589880000004,306,0,2310,0.010753915,0.8033485412597656,3.260441780090332,-7.776944732666015,0.2,-0.012229493801714852,0.094140625,0.0003,0.025203370217059273,-0.08620209246873856
233,394,207,870.85,0.0,477184,612,11,0,1557,0,0.0,-64.41915845,306,0,2320,0.009886727,0.8514184355735779,3.247197151184082,-7.777971929311752,0.2,-0.013891138083999976,0.0982421875,0.0003,0.03653274387907004,-0.09584976732730865
234,397,207,854.89,0.0,479232,615,11,0,1563,0,0.0,-65.14756236,306,0,2330,0.008745295,0.5262405872344971,3.296304702758789,-7.7989159524440765,0.2,-0.010673076190869324,0.08046875,0.0003,0.20001099287183025,0.05425196886062622
235,398,207,864.0,0.0,481280,616,11,0,1570,0,0.0,-65.06700633,306,0,2340,0.011315315,0.007090330123901367,3.3108983039855957,-7.827429784834385,0.2,-0.01778446713578887,0.127685546875,0.0003,0.13125036126439227,-0.08494573086500168
236,400,209,845.9,0.0,483328,620,11,0,1576,0,0.0,-66.27859966000001,306,0,2350,0.008628325,0.6727883815765381,3.3617496490478516,-7.861515948176384,0.2,-0.013534102909034118,0.075537109375,0.0003,0.048376152726996226,-0.11207891255617142
237,400,210,848.91,0.0,485376,621,11,0,1583,0,0.0,-66.13599917,306,0,2360,0.006680987,0.4901493191719055,3.3765110969543457,-7.886904637515545,0.2,-0.010377489661914296,0.060302734375,0.0003,0.07927102236862993,-0.10016410052776337
238,400,212,849.89,0.0,487424,623,11,0,1590,0,0.0,-67.01757513000001,306,0,2370,0.007412752,0.9271450042724609,3.3774707317352295,-7.8915490239858626,0.2,-0.006577383592957631,0.082861328125,0.0003,0.014776749339216622,-0.052483268082141876
239,400,214,853.29,0.0,489472,625,11,0,1596,0,0.0,-65.61541523000001,306,0,2380,0.011956215,0.8033876419067383,3.330366849899292,-7.873227567970753,0.2,-0.0165569550357759,0.108837890625,0.0003,0.029331859434751095,-0.07989899069070816
240,400,215,857.41,0.0,491520,626,11,0,1603,0,0.0,-66.09420315000001,306,0,2390,0.010015635,0.854802131652832,3.3829779624938965,-7.877493850886822,0.2,-0.013413239474175498,0.09140625,0.0003,0.02062220883308328,-0.09373313933610916
241,401,216,857.35,0.0,493568,628,11,0,1610,0,0.0,-64.95657483000001,306,0,2400,0.008012716,0.9195801615715027,3.389634847640991,-7.904217720031738,0.2,-0.009285842507961207,0.081005859375,0.0003,0.018959772396920017,-0.09997202455997467
242,403,217,866.8,0.0,495616,631,11,0,1616,0,0.0,-62.73641323000002,306,0,2410,0.008738579,0.8366364240646362,3.431248664855957,-7.925540655851364,0.2,-0.010681445931550116,0.0888671875,0.0003,0.03559597686762572,-0.09370855987071991
243,404,218,870.33,0.0,497664,633,11,0,1623,0,0.0,-63.41149517000001,306,0,2420,0.013251472,0.6636514663696289,3.441147565841675,-7.945288774371147,0.2,-0.016349071526201443,0.127685546875,0.0003,0.03641622646900942,-0.1184665858745575
244,404,219,870.33,0.0,499712,634,11,0,1630,0,0.0,-64.16322294,306,0,2430,0.0068525667,0.6168155074119568,3.4759624004364014,-7.962204664945602,0.2,-0.006928681425051764,0.067333984375,0.0003,0.04590412369070691,-0.039232008159160614
245,406,220,847.53,0.0,501760,638,12,0,1637,0,0.0,-65.63320221,306,0,2440,0.009970765,0.8409796357154846,3.4704995155334473,-7.973263359069824,0.2,-0.01346995298663387,0.106005859375,0.0003,0.02061848132798332,-0.06748899072408676
