iteration,total_timesteps,time_elapsed_sec,fps,episodes_total,successes_total,success_rate_window,success_rate_total,goal_count,collision_count,out_of_bounds_count,timeout_count,other_terminal_count,ep_rew_mean,ep_len_mean,approx_kl,clip_fraction,entropy_loss,explained_variance,learning_rate,loss,n_updates,policy_gradient_loss,std,value_loss
1,2048,4,430,2,0,0.0,0.0,0,0,2,0,0,-26.812548,560.5,nan,nan,nan,nan,nan,nan,0,nan,nan,nan
2,4096,11,360,5,0,0.0,0.0,0,0,5,0,0,-49.828671,715.6,0.008215159177780151,0.0671875,-4.255700975656509,0.16566169261932373,0.0003,-0.050100814551115036,10,-0.007474664266919717,0.9988839030265808,0.5977549395174719
3,6144,18,339,7,0,0.0,0.0,0,0,6,1,0,-52.52135314285714,837.0,0.009761471301317215,0.090576171875,-4.25897818505764,-0.009232044219970703,0.0003,0.027646318078041077,20,-0.009979675033537205,1.0039317607879639,0.3083615202980582
4,8192,25,327,11,0,0.0,0.0,0,0,9,2,0,-57.494143,742.5454545454545,0.01032242551445961,0.118701171875,-4.283340936899185,0.5182667374610901,0.0003,-0.05233802646398544,30,-0.010115953157946934,1.0129294395446777,0.13736312757246197
5,10240,32,319,12,0,0.0,0.0,0,0,9,3,0,-49.0881885,780.6666666666666,0.008560266345739365,0.087548828125,-4.298660261929035,0.4643647074699402,0.0003,0.06725764274597168,40,-0.00825789706868818,1.0167222023010254,0.40458863106323406
6,12288,38,315,15,0,0.0,0.0,0,0,11,4,0,-42.89870173333334,815.4,0.010066698305308819,0.13154296875,-4.3101411506533625,0.8628295063972473,0.0003,-0.034942589700222015,50,-0.015381935810728465,1.0193047523498535,0.02072713626548648
7,14336,45,315,17,0,0.0,0.0,0,0,12,5,0,-41.906345470588235,803.4705882352941,0.010680664330720901,0.102685546875,-4.350896246731281,0.5577374696731567,0.0003,-0.020638493821024895,60,-0.01470522309828084,1.042665958404541,0.24046140542486683
8,16384,52,314,19,0,0.0,0.0,0,0,13,6,0,-42.34981473684211,824.2631578947369,0.010305040515959263,0.111474609375,-4.389405490458012,0.7062721252441406,0.0003,-0.06545872986316681,70,-0.015059371577808633,1.0472509860992432,0.11287775538221467
9,18432,58,313,22,0,0.0,0.0,0,0,15,7,0,-50.37603463636365,831.0454545454545,0.009123709052801132,0.1029296875,-4.404234583675861,0.7343853116035461,0.0003,-0.0295509435236454,80,-0.010920303873717785,1.0533294677734375,0.15457780575961805
10,20480,65,312,24,0,0.0,0.0,0,0,16,8,0,-50.394176249999994,838.0,0.010939598083496094,0.107177734375,-4.437651933729649,0.8228039741516113,0.0003,-0.03399921581149101,90,-0.015347647879389114,1.066033124923706,0.20562539960374124
11,22528,72,311,28,0,0.0,0.0,0,0,20,8,0,-57.40209325,794.1428571428571,0.011197153478860855,0.123876953125,-4.456321506202221,0.603213906288147,0.0003,0.027828853577375412,100,-0.012081142951501533,1.071030855178833,0.16343021958891768
12,24576,79,309,31,0,0.0,0.0,0,0,23,8,0,-66.74878380645161,781.0322580645161,0.008344588801264763,0.070068359375,-4.463318212330341,0.45252346992492676,0.0003,0.019970353692770004,110,-0.006101845507510006,1.070844292640686,0.27105318105896004
13,26624,86,308,37,0,0.0,0.0,0,0,29,8,0,-68.7831144864865,717.3783783783783,0.0082481037825346,0.12353515625,-4.487820659577847,0.4273134469985962,0.0003,0.3354215919971466,120,-0.0151056148664793,1.087245225906372,0.26019863262190485
14,28672,93,307,39,0,0.0,0.0,0,0,31,8,0,-69.8041926923077,716.1282051282051,0.010494011454284191,0.087939453125,-4.535076935589314,0.49396204948425293,0.0003,0.059860557317733765,130,-0.013806471189309378,1.1064156293869019,0.4952550633810461
15,30720,100,305,42,0,0.0,0.0,0,0,32,10,0,-71.22198066666667,729.8095238095239,0.011273879557847977,0.1236328125,-4.55899738818407,0.7760254144668579,0.0003,-0.044801414012908936,140,-0.014706593216396868,1.1044981479644775,0.12826877596089617
16,32768,107,305,46,0,0.0,0.0,0,0,36,10,0,-76.16758095652173,708.695652173913,0.008993415161967278,0.10341796875,-4.55303368717432,0.805008590221405,0.0003,-0.03572465851902962,150,-0.010934453434310853,1.102522373199463,0.08594471693213564
17,34816,113,305,47,0,0.0,0.0,0,0,37,10,0,-76.98845621276594,718.7021276595744,0.01177882682532072,0.109765625,-4.555079859495163,0.8099001049995422,0.0003,-0.029544079676270485,160,-0.0155477858701488,1.105741024017334,0.11518301794712897
18,36864,120,305,51,0,0.0,0.0,0,0,39,12,0,-75.29925947058824,715.6274509803922,0.006471193395555019,0.074658203125,-4.572020135819912,0.7869415283203125,0.0003,-0.039554253220558167,170,-0.007026994122134056,1.1156549453735352,0.08937544847431127
19,38912,127,305,53,0,0.0,0.0,0,0,39,14,0,-72.40714239622642,733.9056603773585,0.010920011438429356,0.092529296875,-4.602906516194343,0.7223330140113831,0.0003,0.050282806158065796,180,-0.010172124864766374,1.1268932819366455,0.12137875450134743
20,40960,133,305,55,0,0.0,0.0,0,0,40,15,0,-71.6349888909091,733.2545454545455,0.009827177971601486,0.12294921875,-4.607168480753899,0.894131064414978,0.0003,-0.06998134404420853,190,-0.017082519669202156,1.1227471828460693,0.03731179340102244
21,43008,140,305,59,0,0.0,0.0,0,0,43,16,0,-72.34144852542373,722.8813559322034,0.008296243846416473,0.08759765625,-4.627953073382377,0.882172167301178,0.0003,-0.025984153151512146,200,-0.008378214592812582,1.1393471956253052,0.09700075535220094
22,45056,147,305,61,0,0.0,0.0,0,0,44,17,0,-73.39844321311475,731.2786885245902,0.009417394176125526,0.0859375,-4.668109352886677,0.475303590297699,0.0003,-0.04164431244134903,210,-0.011388768028700725,1.155344843864441,0.20844187729526312
23,47104,153,306,64,0,0.0,0.0,0,0,47,17,0,-75.6060715,730.09375,0.008804664947092533,0.0810546875,-4.712713162600994,0.7364362478256226,0.0003,-0.03250953555107117,220,-0.011595269880490377,1.1716182231903076,0.06023514654953033
24,49152,160,306,67,0,0.0,0.0,0,0,49,18,0,-77.19997877611941,733.6119402985074,0.01033277902752161,0.0994140625,-4.74894433170557,0.19413286447525024,0.0003,-0.07038678973913193,230,-0.010928714941837826,1.1852914094924927,0.24993283947114833
25,51200,167,306,69,0,0.0,0.0,0,0,51,18,0,-75.46893498550725,739.0,0.00842572096735239,0.08349609375,-4.761105369031429,0.6255371570587158,0.0003,-0.003631576895713806,240,-0.009271603677188978,1.1851924657821655,0.18775218802329618
26,53248,173,306,71,0,0.0,0.0,0,0,52,19,0,-74.39165588732394,739.9859154929577,0.009024856612086296,0.076318359375,-4.7656130030751225,0.8719386458396912,0.0003,-0.06302502006292343,250,-0.008159433020045981,1.1861629486083984,0.13096709426026792
27,55296,180,306,73,0,0.0,0.0,0,0,53,20,0,-75.76036173972602,750.054794520548,0.009349260479211807,0.09921875,-4.775934471189975,0.7377063035964966,0.0003,-0.04563899338245392,260,-0.009311552197323181,1.1934447288513184,0.1437482909648679
28,57344,187,306,76,0,0.0,0.0,0,0,55,21,0,-76.40972435526315,748.8421052631579,0.012653298676013947,0.125732421875,-4.782613915205002,0.9088199138641357,0.0003,-0.028987860307097435,270,-0.015883233124623076,1.1919116973876953,0.057793414971092714
29,59392,193,306,78,0,0.0,0.0,0,0,56,22,0,-76.25129348717948,749.8589743589744,0.006712797097861767,0.0546875,-4.7929333105683325,0.677922785282135,0.0003,0.22247079014778137,280,-0.0062798823259072375,1.2012217044830322,0.3344334207329666
30,61440,200,306,80,0,0.0,0.0,0,0,58,22,0,-78.606643725,754.85,0.009096978232264519,0.0890625,-4.8042130574584005,0.6817474365234375,0.0003,-0.06485652178525925,290,-0.008794458888587542,1.2001736164093018,0.07919680588238406
31,63488,207,306,83,0,0.0,0.0,0,0,60,23,0,-79.44079455421688,754.7590361445783,0.009726077318191528,0.109619140625,-4.822853980958461,0.7269219160079956,0.0003,-0.040036801248788834,300,-0.012396519075264224,1.2170385122299194,0.12814492617035284
32,65536,214,306,85,0,0.0,0.0,0,0,61,24,0,-79.39555285882354,764.3529411764706,0.011876283213496208,0.136279296875,-4.859935499727726,0.7257503271102905,0.0003,-0.03494153544306755,310,-0.013769167063583155,1.228689432144165,0.18387470649322496
33,67584,220,306,88,0,0.0,0.0,0,0,63,25,0,-77.52898181818182,757.2045454545455,0.010317912325263023,0.099560546875,-4.881134633719921,0.7768480777740479,0.0003,0.08214254677295685,320,-0.010998383030528202,1.2358007431030273,0.07450879446114414
34,69632,227,306,92,0,0.0,0.0,0,0,66,26,0,-76.50940203260869,754.2608695652174,0.01054910197854042,0.126513671875,-4.902314318716526,0.7543215155601501,0.0003,-0.05669640377163887,330,-0.010505926463520155,1.245327353477478,0.21418670350976754
35,71680,233,306,94,0,0.0,0.0,0,0,67,27,0,-77.49673409574469,757.2021276595744,0.011859596706926823,0.0982421875,-4.911767449975014,0.6651769280433655,0.0003,-0.02165251225233078,340,-0.008820629213005304,1.2431304454803467,0.13481398758012803
36,73728,240,306,96,0,0.0,0.0,0,0,69,27,0,-76.04839135416667,763.8229166666666,0.007106630131602287,0.06865234375,-4.931046858429909,-0.44141685962677,0.0003,-0.02322573773562908,350,-0.008647530490998178,1.2663474082946777,0.12294906570168677
37,75776,247,306,99,0,0.0,0.0,0,0,71,28,0,-76.13922582828283,763.89898989899,0.008335958234965801,0.08193359375,-4.985974080860615,0.7129737138748169,0.0003,-0.049531783908605576,360,-0.01028472810285166,1.2847703695297241,0.09141426174901426
38,77824,253,306,103,0,0.0,0.0,0,0,75,28,0,-80.21386525000001,755.0,0.007822880521416664,0.0951171875,-5.004810765385628,0.7974013090133667,0.0003,0.002351868897676468,370,-0.010712311440147459,1.2839674949645996,0.16069907609489748
39,79872,260,306,104,0,0.0,0.0,0,0,75,29,0,-79.38526256,761.04,0.009134250693023205,0.081640625,-5.000992982089519,0.2304987907409668,0.0003,-0.012738458812236786,380,-0.010878735325240996,1.2845065593719482,0.27593288947828115
40,81920,267,306,107,0,0.0,0.0,0,0,76,31,0,-80.16723565000001,758.23,0.009506011381745338,0.105859375,-5.018601596355438,0.7446499466896057,0.0003,-0.047704458236694336,390,-0.012680050762719474,1.2956953048706055,0.0239829083555378
41,83968,274,306,108,0,0.0,0.0,0,0,77,31,0,-79.9631492,764.71,0.009480577893555164,0.11396484375,-5.038960921764374,0.5931685566902161,0.0003,-0.03530583530664444,400,-0.015546895316219889,1.2988364696502686,0.044245363934896885
42,86016,280,306,111,0,0.0,0.0,0,0,79,32,0,-82.06112957,775.87,0.011286088265478611,0.106494140625,-5.045649935305119,0.8416383266448975,0.0003,-0.04004611447453499,410,-0.016340292623499408,1.3054808378219604,0.05787532876711339
43,88064,287,306,115,0,0.0,0.0,0,0,83,32,0,-86.3975986,753.4,0.006553988438099623,0.081396484375,-5.063002985715866,0.6100307703018188,0.0003,-0.0428292416036129,420,-0.007288657662866171,1.3152363300323486,0.11543166639748961
44,90112,294,306,118,0,0.0,0.0,0,0,84,34,0,-88.06959748999999,752.17,0.010325747542083263,0.1021484375,-5.082785186171532,0.6320350170135498,0.0003,-0.046884261071681976,430,-0.013538430554035585,1.3243303298950195,0.15051589921931735
45,92160,300,306,120,0,0.0,0.0,0,0,85,35,0,-88.85354724999999,751.76,0.007048152387142181,0.0671875,-5.087617331743241,0.7424629926681519,0.0003,-0.0632401630282402,440,-0.00873705763660837,1.3159246444702148,0.061367943718505555
46,94208,307,306,123,0,0.0,0.0,0,0,88,35,0,-90.26480008,736.57,0.008307047188282013,0.076025390625,-5.083401845395565,0.7758741974830627,0.0003,-0.004031181335449219,450,-0.010805992229143158,1.3210334777832031,0.09884670693718363
47,96256,314,306,128,0,0.0,0.0,0,0,92,36,0,-89.50188503000001,739.85,0.008979241363704205,0.0708984375,-5.118457689881325,0.10517841577529907,0.0003,-0.0122419074177742,460,-0.00965442174929194,1.3468785285949707,0.16148358735372312
48,98304,320,306,132,0,0.0,0.0,0,0,96,36,0,-89.74077037,729.68,0.0107804574072361,0.09697265625,-5.147780710458756,0.7783786654472351,0.0003,-0.030137712135910988,470,-0.011082357965642586,1.3472684621810913,0.17626564458478242
49,100352,327,306,135,0,0.0,0.0,0,0,98,37,0,-87.71642444000001,736.66,0.011580124497413635,0.137548828125,-5.156029491126537,0.2126886248588562,0.0003,0.022227782756090164,480,-0.01234852495836094,1.3535611629486084,0.20704814471537247
50,102400,334,306,137,0,0.0,0.0,0,0,99,38,0,-86.81140033,756.42,0.00935191661119461,0.0982421875,-5.177967819571495,0.2157161831855774,0.0003,0.06364034116268158,490,-0.007402920140884816,1.3649815320968628,0.14816622911894228
51,104448,340,306,142,0,0.0,0.0,0,0,103,39,0,-85.63200234000001,735.92,0.012541000731289387,0.1376953125,-5.20021592527628,0.7129672765731812,0.0003,-0.034950610250234604,500,-0.015764861495699733,1.3745431900024414,0.057111718648229726
52,106496,347,306,144,0,0.0,0.0,0,0,105,39,0,-85.92628145,747.28,0.007951552979648113,0.07099609375,-5.216790249943733,0.3320108652114868,0.0003,0.10674774646759033,510,-0.007984215633769054,1.3799362182617188,0.32205295624444263
53,108544,354,306,149,0,0.0,0.0,0,0,110,39,0,-84.75680587000001,717.48,0.010963944718241692,0.13798828125,-5.225785556435585,0.18131935596466064,0.0003,-0.011007141321897507,520,-0.009198160577216185,1.3824105262756348,0.15564708878519012
54,110592,360,306,152,0,0.0,0.0,0,0,113,39,0,-85.80905322000001,721.05,0.010453889146447182,0.10185546875,-5.243019443750382,0.646600604057312,0.0003,0.09772849828004837,530,-0.014505077789362986,1.3987672328948975,0.2464365262130741
55,112640,367,306,154,0,0.0,0.0,0,0,114,40,0,-87.99745013,720.54,0.012644106522202492,0.127392578125,-5.2672448605299,0.7570012211799622,0.0003,-0.07066279649734497,540,-0.013103177919401788,1.4027578830718994,0.1049172575440025
56,114688,374,306,156,0,0.0,0.0,0,0,115,41,0,-87.73566656000001,728.45,0.008933943696320057,0.09560546875,-5.273141433298588,0.3740978240966797,0.0003,-0.07448415458202362,550,-0.013082112568372394,1.4035346508026123,0.06713394013349898
57,116736,381,306,158,0,0.0,0.0,0,0,116,42,0,-86.50994245999999,736.78,0.010499119758605957,0.10673828125,-5.277101895213127,0.3900575637817383,0.0003,-0.062009792774915695,560,-0.013402299216249958,1.4073846340179443,0.07332405079214369
58,118784,387,306,162,0,0.0,0.0,0,0,118,44,0,-81.59837143,729.45,0.008974170312285423,0.089892578125,-5.270901808142662,0.637321949005127,0.0003,-0.08042316138744354,570,-0.011507712307502516,1.3990089893341064,0.03798614458501106
59,120832,394,306,166,0,0.0,0.0,0,0,121,45,0,-80.68009002999999,721.97,0.008446970954537392,0.0810546875,-5.276334270834923,0.8386803269386292,0.0003,-0.06863291561603546,580,-0.012078217959788163,1.4142577648162842,0.06823993121215607
60,122880,400,306,170,0,0.0,0.0,0,0,125,45,0,-84.19156009,705.3,0.011849237605929375,0.1009765625,-5.323759660124779,0.12293070554733276,0.0003,0.02898290753364563,590,-0.0159199495887151,1.4388889074325562,0.1649786161549855
61,124928,407,306,175,0,0.0,0.0,0,0,130,45,0,-84.35832546,677.75,0.010860465466976166,0.127001953125,-5.359379565715789,0.7253351211547852,0.0003,-0.08616279810667038,600,-0.018795878961100243,1.4474263191223145,0.12967720384767745
62,126976,413,306,178,0,0.0,0.0,0,0,132,46,0,-83.95889290000001,679.29,0.011583375744521618,0.1275390625,-5.37588315308094,0.6945624947547913,0.0003,-0.05574199929833412,610,-0.013335592491785064,1.4563087224960327,0.2399855769239366
63,129024,420,306,181,0,0.0,0.0,0,0,135,46,0,-83.01235178,673.51,0.010429316200315952,0.090625,-5.380921795964241,0.7760519981384277,0.0003,-0.056028369814157486,620,-0.010819812120462301,1.455981731414795,0.14144491423503497
64,131072,427,306,184,0,0.0,0.0,0,0,137,47,0,-82.57443441000001,668.12,0.009501535445451736,0.096875,-5.38727515488863,0.6831659078598022,0.0003,-0.030574645847082138,630,-0.009318145582801663,1.461050033569336,0.226620750449365
65,133120,434,306,187,0,0.0,0.0,0,0,139,48,0,-84.09874945,662.88,0.00931074470281601,0.10859375,-5.406070989370346,0.7952466011047363,0.0003,-0.015488598495721817,640,-0.010516629589255899,1.473460078239441,0.06068573631637264
66,135168,440,306,190,0,0.0,0.0,0,1,140,49,0,-84.98317626,659.79,0.008644389919936657,0.09091796875,-5.430159430205822,0.8187468647956848,0.0003,-0.030055679380893707,650,-0.008943302441912238,1.484898567199707,0.12744616962154395
67,137216,447,306,192,0,0.0,0.0,0,1,142,49,0,-85.29918756000001,667.74,0.010022616013884544,0.10712890625,-5.479402601718903,0.13865655660629272,0.0003,-0.021674375981092453,660,-0.012852321633545216,1.5193803310394287,0.1328673590091057
68,139264,454,306,196,0,0.0,0.0,0,1,144,51,0,-84.08083391000002,657.47,0.011402093805372715,0.106591796875,-5.538492633402347,0.6404522657394409,0.0003,-0.08438996970653534,670,-0.01161441360891331,1.5479635000228882,0.06565637854509987
69,141312,461,306,197,0,0.0,0.0,0,1,144,52,0,-84.00775926000001,657.47,0.013775966130197048,0.139599609375,-5.5744793832302095,0.2261601686477661,0.0003,-0.0782860815525055,680,-0.017300722695654257,1.555194616317749,0.1167371947754873
70,143360,467,306,200,0,0.0,0.0,0,1,147,52,0,-84.74445291,664.12,0.007337508723139763,0.073828125,-5.578881953656674,0.8609234690666199,0.0003,-0.07599727064371109,690,-0.009519124176586046,1.5517644882202148,0.018781164038227872
71,145408,474,306,202,0,0.0,0.0,0,1,148,53,0,-84.60431325000002,683.24,0.0075368862599134445,0.076171875,-5.5939383372664455,-0.0008034706115722656,0.0003,-0.04303700849413872,700,-0.007494568458059803,1.571549892425537,0.15886647914303467
72,147456,480,306,205,0,0.0,0.0,0,1,150,54,0,-83.91148723000002,671.15,0.0070223379880189896,0.070751953125,-5.606083083152771,0.8608871698379517,0.0003,-0.08788810670375824,710,-0.009026942147465888,1.5637824535369873,0.0306750695235678
73,149504,487,306,209,0,0.0,0.0,0,2,153,54,0,-82.87142343,649.43,0.008535339497029781,0.07978515625,-5.593728177249432,0.4899948835372925,0.0003,-0.05141131579875946,720,-0.012016084938659332,1.5619930028915405,0.10676078704418615
74,151552,494,306,211,0,0.0,0.0,0,2,154,55,0,-82.46077805000003,649.63,0.011412388645112514,0.098583984375,-5.617641316354275,0.5721116065979004,0.0003,-0.060607198625802994,730,-0.012140931730391458,1.5889948606491089,0.20614732697140425
75,153600,500,306,213,0,0.0,0.0,0,2,154,57,0,-81.19923947000001,660.46,0.008518105372786522,0.07626953125,-5.637160152196884,0.72792649269104,0.0003,-0.056535668671131134,740,-0.007375686283921823,1.5804178714752197,0.08141921811911743
76,155648,507,306,215,0,0.0,0.0,0,2,155,58,0,-80.35496806,678.58,0.009889096021652222,0.1091796875,-5.618725962936878,0.8239437341690063,0.0003,-0.06503203511238098,750,-0.01328075049095787,1.571715235710144,0.02001659329253016
77,157696,514,306,217,0,0.0,0.0,0,2,157,58,0,-81.20042155,683.94,0.010745547711849213,0.1150390625,-5.606040523946286,0.6518343687057495,0.0003,-0.08001778274774551,760,-0.014133568285615183,1.5656312704086304,0.058401536085875706
78,159744,520,306,220,0,0.0,0.0,0,2,160,58,0,-80.74447413000001,667.45,0.00916225928813219,0.10068359375,-5.623490683734417,0.45801347494125366,0.0003,-0.01863420195877552,770,-0.013220686439308339,1.5874685049057007,0.08306739490508334
79,161792,527,306,223,0,0.0,0.0,0,2,163,58,0,-79.78641077,681.28,0.008221091702580452,0.06708984375,-5.646868325769901,0.07146507501602173,0.0003,0.03442167118191719,780,-0.009556844002509024,1.5921087265014648,0.16772230982023756
80,163840,534,306,228,0,0.0,0.0,0,2,168,58,0,-80.93612125,674.3,0.009099900722503662,0.077685546875,-5.651508855819702,0.7484586238861084,0.0003,-0.04238847643136978,790,-0.01147257483098656,1.5940296649932861,0.09209595520514995
81,165888,540,306,230,0,0.0,0.0,0,2,170,58,0,-80.11753248999999,691.05,0.009262681007385254,0.087353515625,-5.645960386097431,0.5860235095024109,0.0003,-0.08040442317724228,800,-0.015477864290005527,1.5899938344955444,0.17569986328599044
82,167936,547,306,234,0,0.0,0.0,0,2,173,59,0,-79.35650858000001,686.45,0.010681841522455215,0.100830078125,-5.667997692525387,0.6318725347518921,0.0003,0.027886943891644478,810,-0.012228139513172209,1.6085442304611206,0.0675208007072797
83,169984,554,306,236,0,0.0,0.0,0,2,174,60,0,-79.15265178000001,688.26,0.009597866795957088,0.0994140625,-5.688676132261753,0.30260342359542847,0.0003,-0.055067263543605804,820,-0.011256600535125472,1.6144139766693115,0.1277616363891866
84,172032,560,306,237,0,0.0,0.0,0,2,174,61,0,-79.51018516,688.26,0.009073195978999138,0.1146484375,-5.69369288533926,0.7899569272994995,0.0003,-0.10050009191036224,830,-0.014942136339959689,1.6168060302734375,0.045644112597801725
85,174080,567,306,240,0,0.0,0.0,0,2,176,62,0,-80.92969232,700.73,0.010727806016802788,0.09970703125,-5.690835383534432,0.7469699382781982,0.0003,-0.09027457982301712,840,-0.015376794563781004,1.6137208938598633,0.018647175613295985
86,176128,573,306,242,0,0.0,0.0,0,2,177,63,0,-79.97512789000001,717.18,0.005325755570083857,0.0591796875,-5.696718160808087,0.678613543510437,0.0003,-0.024553444236516953,850,-0.006098038752679713,1.620964765548706,0.05946823184349341
87,178176,580,306,243,0,0.0,0.0,0,2,177,64,0,-79.07194559999999,721.99,0.009405737742781639,0.101220703125,-5.719724643230438,0.7420324087142944,0.0003,-0.09198233485221863,860,-0.013926978661038448,1.635087251663208,0.026683251508075045
88,180224,587,306,245,0,0.0,0.0,0,2,177,66,0,-78.54746715,726.53,0.006923777982592583,0.058740234375,-5.736145631968975,0.9015393853187561,0.0003,-0.058415282517671585,870,-0.008704988233512267,1.6444518566131592,0.02558744063426275
89,182272,593,306,250,0,0.0,0.0,0,2,181,67,0,-77.99917705,731.36,0.0127244358882308,0.149267578125,-5.7420688137412075,0.8433441519737244,0.0003,-0.10141293704509735,880,-0.019256033713463693,1.6401923894882202,0.019457675683952402
90,184320,600,306,252,0,0.0,0.0,0,2,183,67,0,-79.07121396999999,736.15,0.009851207956671715,0.091650390625,-5.71923226416111,0.9022937417030334,0.0003,-0.05580175668001175,890,-0.011741724246530794,1.6214423179626465,0.051601336868770886
91,186368,607,307,254,0,0.0,0.0,0,2,183,69,0,-76.65048089,736.66,0.007758724503219128,0.094921875,-5.707634690403938,0.7994512915611267,0.0003,-0.06297387927770615,900,-0.012024481524713337,1.6289170980453491,0.08517675581242656
92,188416,613,306,256,0,0.0,0.0,0,2,184,70,0,-78.40881244,737.6,0.009455832652747631,0.11572265625,-5.7063655108213425,0.8838329315185547,0.0003,-0.0741444081068039,910,-0.012519323811284266,1.619652509689331,0.012062750802579103
93,190464,620,306,257,0,0.0,0.0,0,2,184,71,0,-78.6011236,737.6,0.007400208152830601,0.07021484375,-5.719174721837044,0.42475807666778564,0.0003,-0.07125683128833771,920,-0.004933470055402722,1.6422199010849,0.0695856079008081
94,192512,627,306,261,0,0.0,0.0,0,2,186,73,0,-81.60567173999999,740.19,0.008115444332361221,0.088671875,-5.741706156730652,0.8427631258964539,0.0003,-0.08655437082052231,930,-0.010295027628308162,1.6423487663269043,0.02085290250252001
95,194560,634,306,264,0,0.0,0.0,0,2,189,73,0,-83.16218039000002,749.66,0.010052314028143883,0.105810546875,-5.757021793723107,0.8033863306045532,0.0003,-0.05601929873228073,940,-0.010220134955307002,1.6626636981964111,0.05769034157274291
96,196608,640,306,267,0,0.0,0.0,0,2,192,73,0,-84.12768243000001,749.38,0.008022600784897804,0.0837890625,-5.79147332906723,0.5645407438278198,0.0003,-0.07370490580797195,950,-0.013929663796443493,1.6785043478012085,0.06602245133108227
97,198656,647,306,269,0,0.0,0.0,0,2,193,74,0,-82.23077789000001,757.3,0.007778356317430735,0.08642578125,-5.818464435636997,0.8588522672653198,0.0003,0.15489953756332397,960,-0.007045782427303493,1.694112777709961,0.15753703489317558
98,200704,654,306,273,0,0.0,0.0,0,2,195,76,0,-79.19951188,766.75,0.007251301780343056,0.10166015625,-5.830842882394791,0.906623899936676,0.0003,-0.07039511203765869,970,-0.006477001760504209,1.6931122541427612,0.030339342349907383
99,202752,660,306,275,0,0.0,0.0,0,2,196,77,0,-79.84473129000001,779.71,0.013202785514295101,0.126953125,-5.833593434095382,0.844842791557312,0.0003,-0.08608567714691162,980,-0.015515372648951597,1.693481683731079,0.02938407850160729
100,204800,667,306,277,0,0.0,0.0,0,2,197,78,0,-80.56394836,778.89,0.00816294364631176,0.07265625,-5.8416012421250345,0.5992004871368408,0.0003,-0.023651717230677605,990,-0.009371391343302093,1.70643949508667,0.0714172570646042
101,206848,674,306,280,0,0.0,0.0,0,2,199,79,0,-79.28881748999999,786.08,0.01015153992921114,0.12333984375,-5.865174613893032,0.8530628681182861,0.0003,-0.03713267669081688,1000,-0.010284760774811729,1.7163341045379639,0.05501671686361078
102,208896,680,306,282,0,0.0,0.0,0,2,200,80,0,-80.25765544,791.97,0.007791784591972828,0.071337890625,-5.888329999148846,0.42822808027267456,0.0003,7.662922143936157e-05,1010,-0.0053266878850990905,1.7318475246429443,0.09517823828209657
103,210944,687,306,284,0,0.0,0.0,0,2,201,81,0,-80.47386224,797.64,0.009401950053870678,0.08876953125,-5.9132825344800946,0.6898499131202698,0.0003,-0.04951196908950806,1020,-0.009347910375799984,1.7466429471969604,0.08844001679390204
104,212992,694,306,287,0,0.0,0.0,0,2,203,82,0,-78.87772769000001,800.56,0.008437626995146275,0.083349609375,-5.933125975728035,0.8804179430007935,0.0003,-0.031575217843055725,1030,-0.007597404537955299,1.757537841796875,0.04292273255705368
105,215040,700,306,289,0,0.0,0.0,0,3,204,82,0,-80.1494544,798.33,0.00898580439388752,0.077099609375,-5.970887625217438,0.7251650094985962,0.0003,-0.06844557821750641,1040,-0.012989444957929664,1.7862803936004639,0.03625708821055014
106,217088,707,306,292,0,0.0,0.0,0,3,205,84,0,-78.93158530999999,806.31,0.011805027723312378,0.103857421875,-6.001542343199253,0.6215975284576416,0.0003,-0.03234900161623955,1050,-0.012444336534827016,1.7986857891082764,0.0969764022884192
107,219136,714,306,295,0,0.0,0.0,0,3,208,84,0,-80.32666093,808.67,0.00983541738241911,0.107373046875,-6.023352569341659,0.6661534309387207,0.0003,-0.07504292577505112,1060,-0.010302162685547955,1.8133835792541504,0.07298858341382583
108,221184,720,306,298,0,0.0,0.0,0,3,210,85,0,-80.41244931,794.57,0.010882245376706123,0.105078125,-6.06037138402462,0.8773899078369141,0.0003,-0.09732402116060257,1070,-0.011918137872999068,1.8400719165802002,0.06620631900150328
109,223232,727,306,301,0,0.0,0.0,0,3,212,86,0,-78.01596882999998,793.45,0.008267659693956375,0.08642578125,-6.085519500076771,0.5617549419403076,0.0003,-0.00028080493211746216,1080,-0.008423185968422332,1.8472779989242554,0.13764781038917134
110,225280,734,306,303,0,0.0,0.0,0,3,213,87,0,-78.22178706999998,794.49,0.010174836963415146,0.0978515625,-6.103063370287418,0.7861515283584595,0.0003,-0.07184331864118576,1090,-0.013505679111403879,1.8613331317901611,0.07330596496758517
111,227328,740,306,306,0,0.0,0.0,0,3,215,88,0,-77.61880086000001,792.5,0.010936282575130463,0.109130859375,-6.132174082100391,0.6684924364089966,0.0003,-0.05919760465621948,1100,-0.012311206871527248,1.8846763372421265,0.07415036087622866
112,229376,747,306,307,0,0.0,0.0,0,3,215,89,0,-77.13725747000001,801.13,0.007123223505914211,0.09658203125,-6.1604424774646755,0.4428999423980713,0.0003,0.12299344688653946,1110,-0.00903108179627452,1.8985497951507568,0.16630841929581947
113,231424,754,306,309,0,0.0,0.0,0,3,215,91,0,-74.75504023,819.7,0.008447624742984772,0.090234375,-6.167338499426842,0.8845972418785095,0.0003,-0.08856843411922455,1120,-0.009703260028618387,1.8928565979003906,0.022337158318259755
114,233472,760,306,311,0,0.0,0.0,0,3,215,93,0,-73.75850132,826.1,0.010508999228477478,0.0990234375,-6.1750719338655475,0.767730712890625,0.0003,-0.08474618941545486,1130,-0.012379329185932875,1.9100897312164307,0.019895132031524553
115,235520,767,306,312,0,0.0,0.0,0,3,215,94,0,-73.25912801,826.1,0.009469445794820786,0.098388671875,-6.200035865604877,0.4490719437599182,0.0003,-0.062260355800390244,1140,-0.010858781335991807,1.9239252805709839,0.012832597966189496
116,237568,774,306,314,0,0.0,0.0,0,3,215,96,0,-72.28220609999998,826.99,0.011209458112716675,0.121875,-6.216241171956062,0.8793438076972961,0.0003,-0.038719091564416885,1150,-0.009853193102753722,1.9318498373031616,0.0156127577269217
117,239616,781,306,317,0,0.0,0.0,0,3,217,97,0,-71.82795759,819.46,0.009399160742759705,0.0919921875,-6.240512825548649,0.7104870676994324,0.0003,-0.07895345240831375,1160,-0.013958051090594382,1.949242115020752,0.01828357801568927
118,241664,788,306,319,0,0.0,0.0,0,3,218,98,0,-71.84731664,829.79,0.008392466232180595,0.085009765625,-6.255901165306568,0.6911599040031433,0.0003,-0.0316351093351841,1170,-0.007433421196765266,1.9576828479766846,0.09781622847804101
119,243712,794,306,321,0,0.0,0.0,0,3,219,99,0,-70.54099833,827.6,0.008868271484971046,0.073193359375,-6.272132278978825,0.6688175797462463,0.0003,-0.05722883343696594,1180,-0.012698529656336176,1.9696420431137085,0.03943345439110999
120,245760,801,306,325,0,0.0,0.0,0,3,221,101,0,-68.3629334,827.54,0.009057440795004368,0.10712890625,-6.286840927600861,0.6032754182815552,0.0003,-0.060614120215177536,1190,-0.009184557788830715,1.9735572338104248,0.080223136288987
121,247808,807,306,327,0,0.0,0.0,0,3,223,101,0,-68.89337411,839.43,0.009984683245420456,0.094091796875,-6.29876676350832,0.649098813533783,0.0003,-0.06400015205144882,1200,-0.014774062545620836,1.9858449697494507,0.05073857359093381
122,249856,814,306,330,0,0.0,0.0,0,3,225,102,0,-70.75596333,837.45,0.01016874797642231,0.089599609375,-6.317117665708065,0.7566418647766113,0.0003,-0.09549218416213989,1210,-0.013549396698363126,1.994246244430542,0.034938471514033155
123,251904,821,306,332,0,0.0,0.0,0,3,226,103,0,-70.7398745,834.71,0.008709664456546307,0.082958984375,-6.322781577706337,0.6998214721679688,0.0003,-0.06691862642765045,1220,-0.014117231930140407,1.992669939994812,0.09651609120192006
124,253952,827,306,337,0,0.0,0.0,0,3,230,104,0,-70.04999618999999,826.51,0.008487045764923096,0.078955078125,-6.319686667621136,0.7947984337806702,0.0003,-0.06265810877084732,1230,-0.01351372668723343,1.9935035705566406,0.030866602888272608
125,256000,834,306,339,0,0.0,0.0,0,3,231,105,0,-68.58776895999999,824.69,0.009058455936610699,0.086865234375,-6.3332360401749614,0.6122817397117615,0.0003,-0.0784863755106926,1240,-0.013756516690773424,2.007296323776245,0.10304856454895343
126,258048,841,306,342,0,0.0,0.0,0,3,234,105,0,-69.56252932,815.56,0.007513534277677536,0.068505859375,-6.341782242059708,0.7599833011627197,0.0003,-0.06425542384386063,1250,-0.012350734503706917,2.00723934173584,0.048353687026246914
127,260096,847,306,346,0,0.0,0.0,0,4,236,106,0,-71.4251956,787.48,0.00947374477982521,0.09931640625,-6.348529906570912,0.819623589515686,0.0003,-0.05617979168891907,1260,-0.014703552788705564,2.017263889312744,0.06208954755857121
128,262144,854,306,349,0,0.0,0.0,0,4,238,107,0,-71.68386084,800.85,0.008525580167770386,0.079833984375,-6.377020946145057,0.8145848512649536,0.0003,-0.06401214748620987,1270,-0.012911643279949203,2.046419858932495,0.07559532806335482
129,264192,860,306,351,0,0.0,0.0,0,4,240,107,0,-70.66794456,804.57,0.007244228385388851,0.073681640625,-6.396701796352863,0.7719259262084961,0.0003,-0.07375876605510712,1280,-0.007396138153853826,2.043830394744873,0.0600800451124087
130,266240,867,306,354,0,0.0,0.0,0,4,241,109,0,-71.86153580999999,799.45,0.006996844429522753,0.07978515625,-6.397854819893837,0.8779451847076416,0.0003,-0.041573140770196915,1290,-0.013254487741505727,2.0437965393066406,0.061281428155780304
131,268288,874,306,356,0,0.0,0.0,0,4,242,110,0,-71.73056142,799.63,0.0074823638424277306,0.066162109375,-6.396627853810787,0.43101465702056885,0.0003,-0.06547123193740845,1300,-0.013852728536585346,2.0410985946655273,0.06643245154846227
132,270336,880,306,359,0,0.0,0.0,0,4,244,111,0,-71.71704611999999,791.57,0.012883126735687256,0.132470703125,-6.386749628186226,0.8421850204467773,0.0003,-0.0743180364370346,1310,-0.014908643602393568,2.0329253673553467,0.025481198047054933
133,272384,887,306,362,0,0.0,0.0,0,4,246,112,0,-71.06424082,797.17,0.009005999192595482,0.0728515625,-6.39791287779808,0.48094606399536133,0.0003,-0.06116741895675659,1320,-0.01281071122357389,2.057788848876953,0.11543827524583321
134,274432,894,306,364,0,0.0,0.0,0,4,247,113,0,-69.50455216000002,799.87,0.008851376362144947,0.08388671875,-6.427631936967373,0.7128056287765503,0.0003,-0.058146845549345016,1330,-0.009809745932579972,2.0740315914154053,0.06735187155136373
135,276480,900,306,367,0,0.0,0.0,0,4,249,114,0,-70.19589248999999,802.9,0.010740947909653187,0.1021484375,-6.45574586391449,0.4882543087005615,0.0003,-0.0915384367108345,1340,-0.01225758894579485,2.0939154624938965,0.02517060463724192
136,278528,907,306,369,0,0.0,0.0,0,4,250,115,0,-70.99727651,804.65,0.009720961563289165,0.104638671875,-6.480610163509846,0.3313558101654053,0.0003,-0.0885796844959259,1350,-0.013207133091054857,2.1145362854003906,0.05024640987394378
137,280576,914,306,371,0,0.0,0.0,0,4,250,117,0,-70.48072531000001,814.88,0.007624895311892033,0.0798828125,-6.497323186695576,0.8156217336654663,0.0003,-0.057896167039871216,1360,-0.012089484598254785,2.114957571029663,0.034646953133051286
138,282624,920,306,374,0,0.0,0.0,0,4,252,118,0,-70.89029683,808.65,0.009344585239887238,0.095703125,-6.506354473531246,0.7681775689125061,0.0003,-0.07388707250356674,1370,-0.01222123418119736,2.122812509536743,0.018089454902656142
139,284672,927,306,375,0,0.0,0.0,0,4,252,119,0,-69.57659415,812.47,0.010533414781093597,0.077490234375,-6.537172226607799,0.29824256896972656,0.0003,-0.08809930086135864,1380,-0.012376028945436702,2.157442569732666,0.11066461654845625
140,286720,934,306,378,0,0.0,0.0,0,4,254,120,0,-68.95128663,815.63,0.010761111974716187,0.106103515625,-6.554075354337693,0.9040126204490662,0.0003,-0.07800444960594177,1390,-0.011412863279110752,2.149901866912842,0.015018764047999867
141,288768,940,306,381,0,0.0,0.0,0,4,256,121,0,-67.36835379000001,807.76,0.01056764367967844,0.112353515625,-6.5549861788749695,0.7882592678070068,0.0003,-0.06900475174188614,1400,-0.011769414517038968,2.1625258922576904,0.06637153039919212
142,290816,947,306,383,0,0.0,0.0,0,4,257,122,0,-65.82221574,803.48,0.00779357273131609,0.07841796875,-6.5832893118262295,0.5912712812423706,0.0003,-0.049574051052331924,1410,-0.012357664539013057,2.1921327114105225,0.06170295210176846
143,292864,954,306,385,0,0.0,0.0,0,4,259,122,0,-65.44790028,812.91,0.011440623551607132,0.09873046875,-6.6154927760362625,0.6916327476501465,0.0003,-0.05435531213879585,1420,-0.013035167123598512,2.2076025009155273,0.01944660162407672
144,294912,961,306,388,0,0.0,0.0,0,4,261,123,0,-64.46378041999999,809.2,0.00851404294371605,0.080126953125,-6.6357523709535595,0.6669622659683228,0.0003,-0.0917794406414032,1430,-0.01565912629594095,2.2255237102508545,0.03570265511953039
145,296960,967,306,395,0,0.0,0.0,0,4,268,123,0,-64.9812357,778.48,0.006618276238441467,0.058349609375,-6.653490124642849,0.5239587426185608,0.0003,-0.07468947768211365,1440,-0.011361119415960274,2.2345733642578125,0.039594095511711204
146,299008,974,306,397,0,0.0,0.0,0,4,268,125,0,-63.622954019999995,784.9,0.008669507689774036,0.07578125,-6.655749015510082,0.5581328272819519,0.0003,-0.08024299144744873,1450,-0.015688287661760114,2.234246015548706,0.12093928298563697
147,301056,981,306,400,0,0.0,0.0,0,4,271,125,0,-66.53598668000001,782.16,0.0074035655707120895,0.078271484375,-6.642289373278618,0.7610909938812256,0.0003,-0.09160394966602325,1460,-0.010806970088742674,2.2139768600463867,0.01913030857613194
148,303104,987,306,404,0,0.0,0.0,0,4,274,126,0,-65.40101628000001,769.71,0.008839179761707783,0.094140625,-6.63701298236847,0.20464837551116943,0.0003,-0.04359849542379379,1470,-0.010163532220758498,2.231349468231201,0.16012202539714054
149,305152,994,306,407,0,0.0,0.0,0,4,277,126,0,-66.91749243,757.59,0.011003734543919563,0.097998046875,-6.652519078552723,0.266373872756958,0.0003,-0.0762452706694603,1480,-0.011025610359502025,2.2362003326416016,0.09506268093537074
150,307200,1000,306,410,0,0.0,0.0,0,4,279,127,0,-68.71062914999999,746.71,0.008216409012675285,0.067236328125,-6.6525637865066525,0.7484995722770691,0.0003,-0.07510241866111755,1490,-0.007773754268418998,2.236271858215332,0.0643108251868398
151,309248,1007,306,412,0,0.0,0.0,0,4,280,128,0,-68.92282406999999,740.76,0.00910249911248684,0.095947265625,-6.679524327814579,0.5587223768234253,0.0003,-0.06362034380435944,1500,-0.013818360131699592,2.273592472076416,0.07153917039686349
152,311296,1014,306,414,0,0.0,0.0,0,4,281,129,0,-67.57061766000001,737.31,0.00772471446543932,0.067919921875,-6.6963311150670055,0.29152053594589233,0.0003,-0.08969908952713013,1510,-0.015103683460620233,2.2700355052948,0.028992087858932793
153,313344,1020,306,417,0,0.0,0.0,0,5,282,130,0,-69.38891536,731.48,0.009872179478406906,0.085400390625,-6.720322144031525,0.7740805149078369,0.0003,-0.061850763857364655,1520,-0.011753858397423756,2.3007850646972656,0.025081590812624198
154,315392,1027,306,420,0,0.0,0.0,0,5,284,131,0,-69.18010733999999,724.64,0.008946544490754604,0.08544921875,-6.743588943779469,0.39349138736724854,0.0003,-0.05876317247748375,1530,-0.011312548813293688,2.312291145324707,0.13769288246548966
155,317440,1034,306,422,0,0.0,0.0,0,5,285,132,0,-69.22964771,730.77,0.008718056604266167,0.093408203125,-6.768546703457832,0.7095993757247925,0.0003,-0.10420046746730804,1540,-0.011823126490344293,2.3358209133148193,0.043307164138241205
156,319488,1040,306,424,0,0.0,0.0,0,5,285,134,0,-69.37037442999998,740.89,0.011982668191194534,0.11669921875,-6.797674652934075,0.5753634572029114,0.0003,-0.05865304544568062,1550,-0.016544034583785106,2.353755474090576,0.06714024168468313
157,321536,1047,306,429,0,0.0,0.0,0,5,290,134,0,-67.29385979999999,718.94,0.008357910439372063,0.088232421875,-6.786345632374287,0.8827410936355591,0.0003,-0.08615962415933609,1560,-0.008382152373087592,2.318760395050049,0.010028302718274063
158,323584,1054,306,431,0,0.0,0.0,0,5,291,135,0,-64.86420969000001,727.68,0.01069524697959423,0.10380859375,-6.780135031044483,0.6321262121200562,0.0003,-0.05015317350625992,1570,-0.016359428100986406,2.337514877319336,0.14957622186630032
159,325632,1060,307,433,0,0.0,0.0,0,5,291,137,0,-63.25864599,727.68,0.008468812331557274,0.092236328125,-6.7949140012264255,0.3790874481201172,0.0003,-0.06407909840345383,1580,-0.010305781400529668,2.342684745788574,0.05041912997839972
160,327680,1067,306,436,0,0.0,0.0,0,5,294,137,0,-65.22688815000001,738.36,0.00778579618781805,0.073681640625,-6.79883137345314,0.7125852108001709,0.0003,-0.10511306673288345,1590,-0.01531353545433376,2.3466956615448,0.025588331140897935
161,329728,1074,306,438,0,0.0,0.0,0,5,295,138,0,-64.15683453000001,745.0,0.011677220463752747,0.127490234375,-6.823856410384178,0.5873193740844727,0.0003,-0.07685516029596329,1600,-0.012138579339080025,2.379073143005371,0.1146832800237462
162,331776,1080,307,440,0,0.0,0.0,0,5,296,139,0,-64.87635244,741.42,0.007371308747678995,0.078271484375,-6.855200859904289,0.414186954498291,0.0003,-0.08629554510116577,1610,-0.009483349972288124,2.4000933170318604,0.04015231321827741
163,333824,1087,307,442,0,0.0,0.0,0,5,296,141,0,-63.28190682,759.0,0.00929039902985096,0.086474609375,-6.854006959497928,0.8478972315788269,0.0003,-0.07564277946949005,1620,-0.006635864640702494,2.388610363006592,0.09384136031294474
164,335872,1094,306,444,0,0.0,0.0,0,5,297,142,0,-62.68233009999999,769.33,0.01075422391295433,0.119091796875,-6.8502424851059915,0.9466723799705505,0.0003,-0.09170550107955933,1630,-0.014328786623082124,2.3860414028167725,0.01979009675196721
165,337920,1100,306,446,0,0.0,0.0,0,5,299,142,0,-63.63759519999999,778.21,0.007427101954817772,0.069140625,-6.851786655187607,0.2475324273109436,0.0003,-0.07985910773277283,1640,-0.007052465123706497,2.3984017372131348,0.051655955126625484
166,339968,1107,306,448,0,0.0,0.0,0,5,300,143,0,-64.33718567999999,781.87,0.011478619650006294,0.12373046875,-6.8930261611938475,0.6368875503540039,0.0003,-0.052446383982896805,1650,-0.011713051545666531,2.444251537322998,0.04799646869796561
167,342016,1114,306,451,0,0.0,0.0,0,6,301,144,0,-62.81317129,781.86,0.008945056237280369,0.071240234375,-6.9216378092765805,0.7969400882720947,0.0003,-0.07338620722293854,1660,-0.013508763577556237,2.453372001647949,0.03500739918817999
168,344064,1120,307,454,0,0.0,0.0,0,6,303,145,0,-61.961827819999996,782.85,0.01130234356969595,0.103662109375,-6.9132121577858925,0.6753725409507751,0.0003,-0.08661547303199768,1670,-0.015559750855027232,2.4265835285186768,0.09320845641195774
169,346112,1127,307,456,0,0.0,0.0,0,6,305,145,0,-63.190868380000005,778.51,0.008752148598432541,0.08701171875,-6.904284681379795,0.6743917465209961,0.0003,-0.0666298195719719,1680,-0.011447409715037793,2.444119691848755,0.059098372419248334
170,348160,1133,307,458,0,0.0,0.0,0,6,306,146,0,-62.48614549,784.57,0.010667763650417328,0.101611328125,-6.931589829921722,0.6489533185958862,0.0003,-0.10386033356189728,1690,-0.017101798774092458,2.468158721923828,0.06702555447118357
171,350208,1140,307,459,0,0.0,0.0,0,6,306,147,0,-61.04843602,792.81,0.010903200134634972,0.104833984375,-6.951586832106114,0.6363285779953003,0.0003,-0.08286111801862717,1700,-0.012714123277692124,2.4794669151306152,0.06917448849999346
172,352256,1147,307,463,0,0.0,0.0,0,6,308,149,0,-59.78841353000001,790.98,0.007489692885428667,0.07109375,-6.969074523448944,0.9457388520240784,0.0003,-0.11882295459508896,1710,-0.007236027895123698,2.4979751110076904,0.010731652127651614
173,354304,1153,307,464,0,0.0,0.0,0,6,309,149,0,-61.30073125999999,790.44,0.008586804382503033,0.079052734375,-6.989779990911484,0.67766273021698,0.0003,-0.041613973677158356,1720,-0.009525526539073325,2.5137135982513428,0.10506209751620191
174,356352,1160,307,468,0,0.0,0.0,0,6,313,149,0,-60.63567246,791.84,0.010478443466126919,0.073583984375,-7.010171988606453,0.42235469818115234,0.0003,-0.037194203585386276,1730,-0.013289913826156408,2.5365798473358154,0.061772041064250514
175,358400,1167,307,469,0,0.0,0.0,0,6,313,150,0,-60.83941929,791.84,0.009630285203456879,0.0947265625,-7.0346779257059096,0.4791719317436218,0.0003,-0.04341266304254532,1740,-0.009670383026241324,2.563823699951172,0.1860091210459359
176,360448,1173,307,472,0,0.0,0.0,0,6,315,151,0,-61.16856037999999,781.69,0.009733250364661217,0.09970703125,-7.038596734404564,0.8518390655517578,0.0003,-0.045230381190776825,1750,-0.00906930857890984,2.54056453704834,0.018181248047039845
177,362496,1180,306,474,0,0.0,0.0,0,6,316,152,0,-59.553632760000006,789.16,0.008409950882196426,0.099365234375,-7.037251670658589,0.6183459162712097,0.0003,-0.03447503596544266,1760,-0.013407748693134635,2.550243854522705,0.1084583928983193
178,364544,1187,306,477,0,0.0,0.0,0,6,318,153,0,-59.024381430000005,787.11,0.010335978120565414,0.122607421875,-7.0408760264515875,0.7320812940597534,0.0003,-0.06144547462463379,1770,-0.011081010627094656,2.549137592315674,0.0547710455066408
179,366592,1195,306,479,0,0.0,0.0,0,6,319,154,0,-57.064712820000004,783.69,0.00981583446264267,0.0865234375,-7.045163376629352,0.7479411363601685,0.0003,-0.0807366818189621,1780,-0.012752968787390273,2.554678201675415,0.0465920317270502
180,368640,1202,306,485,0,0.0,0.0,0,6,324,155,0,-58.69018446,760.31,0.010820978321135044,0.108984375,-7.062699818611145,0.8105189800262451,0.0003,-0.09625177085399628,1790,-0.01239181391429156,2.5681581497192383,0.049916489399038255
181,370688,1209,306,489,0,0.0,0.0,0,7,327,155,0,-61.50252171999998,754.01,0.008516063913702965,0.0767578125,-7.076108431816101,0.48484307527542114,0.0003,-0.07218137383460999,1800,-0.010416768112918362,2.582275867462158,0.13977485693176278
182,372736,1215,306,490,0,0.0,0.0,0,7,327,156,0,-60.74519514000001,762.74,0.007977128028869629,0.088037109375,-7.089859038591385,0.421977698802948,0.0003,-0.07845598459243774,1810,-0.010595114313764498,2.5914478302001953,0.2565576271910686
183,374784,1222,306,493,0,0.0,0.0,0,7,328,158,0,-59.6075929,781.05,0.008540269918739796,0.08818359375,-7.09946473389864,0.4062676429748535,0.0003,-0.09908218681812286,1820,-0.014563884437666274,2.594022274017334,0.06015784742921824
184,376832,1229,306,496,0,0.0,0.0,0,7,331,158,0,-60.70134244,788.31,0.00887853279709816,0.084326171875,-7.088791546225548,0.9222509264945984,0.0003,-0.0756407231092453,1830,-0.009030572732444852,2.5774219036102295,0.02197921084225527
185,378880,1235,306,498,0,0.0,0.0,0,7,332,159,0,-61.021723140000006,793.84,0.007454591803252697,0.06533203125,-7.0993995577096936,0.7525056004524231,0.0003,-0.05579325929284096,1840,-0.01207309733144939,2.611513614654541,0.09463344837204204
186,380928,1242,306,499,0,0.0,0.0,0,7,332,160,0,-58.10983717,796.06,0.01072489470243454,0.09248046875,-7.124668721854687,0.7902897596359253,0.0003,-0.08970197290182114,1850,-0.014453033276367933,2.620213031768799,0.05880921953939833
187,382976,1249,306,502,0,0.0,0.0,0,7,333,162,0,-58.93419761999999,801.47,0.009513418190181255,0.076806640625,-7.146427698433399,0.8982656002044678,0.0003,-0.07214709371328354,1860,-0.012971845889114774,2.6407763957977295,0.034912826337676964
188,385024,1255,306,506,0,0.0,0.0,0,7,336,163,0,-57.81003756999999,812.26,0.007282344624400139,0.0845703125,-7.158998681604862,0.6659815311431885,0.0003,-0.06022436171770096,1870,-0.010261848827940411,2.64027738571167,0.04113474152400158
189,387072,1262,306,507,0,0.0,0.0,0,7,336,164,0,-58.2253157,818.42,0.007744755130261183,0.070751953125,-7.18083872795105,0.7218389511108398,0.0003,-0.09152648597955704,1880,-0.012594933368382044,2.682760238647461,0.06832101943000453
190,389120,1269,306,511,0,0.0,0.0,0,7,338,166,0,-56.61391702000001,814.41,0.007841482758522034,0.07197265625,-7.202928344905376,0.8634787797927856,0.0003,-0.0895712748169899,1890,-0.010127903945976869,2.6786131858825684,0.03762875898828497
191,391168,1275,306,512,0,0.0,0.0,0,7,339,166,0,-57.346155409999994,813.87,0.009028531610965729,0.083056640625,-7.2131982550024984,0.8039870858192444,0.0003,-0.09668898582458496,1900,-0.013109086875920184,2.705883741378784,0.0359497429948533
192,393216,1282,306,514,0,0.0,0.0,0,7,339,168,0,-57.661271279999994,817.32,0.008376517333090305,0.086328125,-7.230287759006023,0.8267110586166382,0.0003,-0.08780927956104279,1910,-0.008955454913666472,2.7068049907684326,0.03893976568360813
193,395264,1289,306,517,0,0.0,0.0,0,8,340,169,0,-56.15864381999999,825.78,0.009555844590067863,0.10087890625,-7.231919367611408,0.8502596020698547,0.0003,-0.09082596749067307,1920,-0.014004547914373689,2.7071475982666016,0.008424491588812089
194,397312,1295,306,518,0,0.0,0.0,0,8,340,170,0,-56.67159804999999,825.78,0.010752375237643719,0.082373046875,-7.237771293520927,0.39158886671066284,0.0003,-0.05355248227715492,1930,-0.010044457162439357,2.7128496170043945,0.18092115368781378
195,399360,1302,306,520,0,0.0,0.0,0,8,340,172,0,-54.887834030000015,838.47,0.008294052444398403,0.088232421875,-7.253204049170018,0.843307614326477,0.0003,-0.04427279904484749,1940,-0.010734531574416905,2.7269740104675293,0.021022639783041086
196,401408,1309,306,522,0,0.0,0.0,0,8,342,172,0,-54.76656973000001,837.36,0.007979368790984154,0.071875,-7.259614643454552,0.9252975583076477,0.0003,-0.09243942052125931,1950,-0.011672283193911425,2.7270314693450928,0.012634219679239323
197,403456,1315,306,524,0,0.0,0.0,0,8,343,173,0,-54.16366327,833.96,0.00863826647400856,0.071728515625,-7.263858871161938,0.7968621850013733,0.0003,0.046455465257167816,1960,-0.008693648726330138,2.7413415908813477,0.06254330424126238
198,405504,1322,306,526,0,0.0,0.0,0,8,344,174,0,-53.76670429,846.84,0.010162965394556522,0.094091796875,-7.265313079953193,0.6319740414619446,0.0003,-0.07744749635457993,1970,-0.012086180721234996,2.7320122718811035,0.06117719472385943
199,407552,1329,306,530,0,0.0,0.0,0,8,347,175,0,-55.14865152,852.13,0.008434673771262169,0.079833984375,-7.269878582656384,0.867642343044281,0.0003,-0.09249093383550644,1980,-0.010707934043603018,2.7490978240966797,0.04220744204649236
200,409600,1336,306,532,0,0.0,0.0,0,8,348,176,0,-57.56408538999999,854.76,0.007932410575449467,0.0791015625,-7.278472635149956,0.6473169326782227,0.0003,-0.07236161828041077,1990,-0.008995322603732347,2.7524592876434326,0.13493013131665066
201,411648,1342,306,533,0,0.0,0.0,0,8,348,177,0,-58.154737559999994,854.76,0.010841572657227516,0.10859375,-7.279844495654106,0.8324555158615112,0.0003,-0.050496749579906464,2000,-0.011981464366544969,2.7548136711120605,0.01886496954903123
202,413696,1349,306,535,0,0.0,0.0,0,8,349,178,0,-56.12428148000001,864.44,0.008399639278650284,0.078271484375,-7.297217731177807,0.8683112859725952,0.0003,-0.08364129066467285,2010,-0.009986735417624005,2.785809278488159,0.010968064928601962
203,415744,1356,306,537,0,0.0,0.0,0,8,349,180,0,-55.65783148000001,873.65,0.01069201622158289,0.087451171875,-7.335806608200073,0.5031899213790894,0.0003,-0.11207690089941025,2020,-0.01428156765177846,2.817082405090332,0.023756782180862503
204,417792,1362,306,539,0,0.0,0.0,0,8,350,181,0,-55.17690710000001,866.84,0.006566905416548252,0.063330078125,-7.352014438807965,0.6690651774406433,0.0003,-0.07845884561538696,2030,-0.008543339546304197,2.8131823539733887,0.01170720445952611
205,419840,1369,306,542,0,0.0,0.0,0,8,352,182,0,-56.765315959999995,856.97,0.007814032956957817,0.081201171875,-7.366011215746402,0.7296324968338013,0.0003,-0.08922336995601654,2040,-0.011414832653827034,2.840961456298828,0.020035139202082063
206,421888,1376,306,544,0,0.0,0.0,0,8,352,184,0,-56.633361990000004,857.79,0.008486440405249596,0.0767578125,-7.410559523105621,0.6706807613372803,0.0003,-0.07339641451835632,2050,-0.013933572469977663,2.8850762844085693,0.04115161319932668
207,423936,1383,306,546,0,0.0,0.0,0,8,352,186,0,-53.68496109000001,865.84,0.007697420194745064,0.075048828125,-7.433163496851921,0.879010796546936,0.0003,-0.07125949114561081,2060,-0.009958191675832496,2.8965001106262207,0.01553759824455483
208,425984,1389,306,548,0,0.0,0.0,0,8,354,186,0,-53.91291463,867.23,0.01028021052479744,0.107080078125,-7.443602186441422,0.8635389804840088,0.0003,-0.08587409555912018,2070,-0.013646536579472013,2.900909423828125,0.00985276004030311
209,428032,1396,306,550,0,0.0,0.0,0,8,355,187,0,-55.078261000000005,862.32,0.009363037534058094,0.090673828125,-7.458558684587478,0.8246164321899414,0.0003,-0.06677912920713425,2080,-0.015516615833621471,2.9295616149902344,0.07473263861320448
210,430080,1403,306,553,0,0.0,0.0,0,8,358,187,0,-57.38461613999999,868.41,0.007110835053026676,0.066943359375,-7.483032354712487,0.8906224370002747,0.0003,-0.08331538736820221,2090,-0.010126895891153254,2.9460198879241943,0.011875997047536658
211,432128,1409,306,556,0,0.0,0.0,0,8,360,188,0,-55.87898992000001,860.64,0.010361023247241974,0.097705078125,-7.486766527593136,0.57086181640625,0.0003,-0.06466987729072571,2100,-0.012796086164598819,2.9356448650360107,0.09957904414914083
212,434176,1416,306,560,0,0.0,0.0,0,9,362,189,0,-58.90774637000001,835.98,0.010088829323649406,0.08330078125,-7.498493897914886,0.8788028359413147,0.0003,-0.07935774326324463,2110,-0.012670731799153146,2.966158866882324,0.06935076959052822
213,436224,1423,306,563,0,0.0,0.0,0,9,365,189,0,-58.97221777000001,830.81,0.01206127181649208,0.114306640625,-7.514557975530624,0.6792581081390381,0.0003,-0.0661836639046669,2120,-0.012735906298621558,2.9673213958740234,0.12156931945064571
214,438272,1430,306,566,0,0.0,0.0,0,9,367,190,0,-55.67595686000001,823.31,0.009578654542565346,0.074658203125,-7.547913604974747,0.7560348510742188,0.0003,0.04816272109746933,2130,-0.00889615835621953,3.0366554260253906,0.0906020127600641
215,440320,1436,306,568,0,0.0,0.0,0,9,368,191,0,-54.94310528999999,831.22,0.00847943127155304,0.069189453125,-7.5769779026508335,0.12952053546905518,0.0003,-0.046696074306964874,2140,-0.010370883526047692,3.0258092880249023,0.1424651920213364
216,442368,1443,306,570,0,0.0,0.0,0,9,368,193,0,-54.721820820000005,831.84,0.011958377435803413,0.13564453125,-7.589628127217293,0.8326727151870728,0.0003,-0.10578522831201553,2150,-0.014847290853504091,3.060117721557617,0.01968537044012919
217,444416,1450,306,572,0,0.0,0.0,0,9,368,195,0,-55.39118005000001,841.37,0.008279530331492424,0.08203125,-7.6034008949995044,0.9370206594467163,0.0003,-0.10790373384952545,2160,-0.011832893863902428,3.053670883178711,0.007649366755867959
218,446464,1456,306,575,0,0.0,0.0,0,9,370,196,0,-56.31169277,837.48,0.008683817461133003,0.10068359375,-7.593119783699512,0.8579089641571045,0.0003,-0.08298736065626144,2170,-0.010065930421114899,3.0443999767303467,0.01280466712123598
219,448512,1463,306,578,0,0.0,0.0,0,9,373,196,0,-57.8902994,830.27,0.009334733709692955,0.09013671875,-7.622210168838501,0.5421469807624817,0.0003,-0.09066321700811386,2180,-0.011757448011485394,3.1112945079803467,0.04790346884255996
220,450560,1470,306,580,0,0.0,0.0,0,9,374,197,0,-57.40340917,836.74,0.008223881945014,0.073583984375,-7.653534533083439,0.6182591915130615,0.0003,-0.05788765102624893,2190,-0.00722785024845507,3.1086528301239014,0.09585891676251776
221,452608,1476,306,581,0,0.0,0.0,0,9,374,198,0,-57.38765054,847.05,0.0068955374881625175,0.07119140625,-7.64800131469965,0.8686120510101318,0.0003,-0.0732320249080658,2200,-0.008023370718001388,3.108427047729492,0.0560937910238863
222,454656,1483,306,584,0,0.0,0.0,0,9,376,199,0,-57.0608917,869.24,0.006578049622476101,0.058740234375,-7.655992996692658,0.9076189994812012,0.0003,-0.11335384100675583,2210,-0.009058633420499973,3.1192049980163574,0.016050235663715284
223,456704,1490,306,586,0,0.0,0.0,0,9,378,199,0,-59.14166959999999,863.17,0.010496935807168484,0.08466796875,-7.670194987952709,0.7856436967849731,0.0003,-0.10454843193292618,2220,-0.0160037474357523,3.145176649093628,0.03976690053459606
224,458752,1497,306,589,0,0.0,0.0,0,9,379,201,0,-56.84968685999999,878.88,0.007064128294587135,0.071630859375,-7.686874561011791,0.843281090259552,0.0003,-0.08072229474782944,2230,-0.006828649761155247,3.1486098766326904,0.08468072332325391
225,460800,1503,306,591,0,0.0,0.0,0,9,380,202,0,-56.472370839999996,876.73,0.01006479375064373,0.114111328125,-7.688734790682792,0.8098888993263245,0.0003,-0.08913607895374298,2240,-0.011949152167653665,3.1510837078094482,0.02097423839732073
226,462848,1510,306,593,0,0.0,0.0,0,9,381,203,0,-57.25698724000001,882.67,0.008358065038919449,0.090966796875,-7.681822639703751,0.7978218793869019,0.0003,-0.07704348862171173,2250,-0.010150432927184738,3.1492271423339844,0.04957308962912066
227,464896,1516,306,596,0,0.0,0.0,0,9,384,203,0,-57.33291314000001,881.74,0.008760792203247547,0.083154296875,-7.69138061851263,0.7545512914657593,0.0003,-0.05988893657922745,2260,-0.0070149081191630104,3.1689181327819824,0.027428516449435846
228,466944,1523,306,599,0,0.0,0.0,0,9,386,204,0,-60.61320717,870.84,0.007671927101910114,0.071240234375,-7.706928542256355,0.7069875001907349,0.0003,0.0011056587100028992,2270,-0.009739444640581496,3.1796135902404785,0.0801461803377606
229,468992,1530,306,601,0,0.0,0.0,0,9,388,204,0,-60.035132270000005,874.81,0.00877319648861885,0.07958984375,-7.712865000963211,0.6168668270111084,0.0003,-0.06539188325405121,2280,-0.010535680764587597,3.1796436309814453,0.11803041732637212
230,471040,1536,306,604,0,0.0,0.0,0,10,390,204,0,-62.11672135,863.39,0.009121322073042393,0.072265625,-7.726383793354034,0.8522999286651611,0.0003,-0.08220619708299637,2290,-0.009392806017422118,3.211517095565796,0.059083617066789884
231,473088,1543,306,605,0,0.0,0.0,0,10,390,205,0,-61.757817270000004,870.81,0.00795779749751091,0.069482421875,-7.755394683778286,0.5618550777435303,0.0003,-0.08896687626838684,2300,-0.006608281034277752,3.2367076873779297,0.1394068797773798
232,475136,1550,306,608,0,0.0,0.0,0,10,391,207,0,-62.434589880000004,874.84,0.010753914713859558,0.094140625,-7.776944732666015,0.8033485412597656,0.0003,-0.08620209246873856,2310,-0.012229493801714852,3.260441780090332,0.025203370217059273
233,477184,1557,306,612,0,0.0,0.0,0,11,394,207,0,-64.41915845,870.85,0.0098867267370224,0.0982421875,-7.777971929311752,0.8514184355735779,0.0003,-0.09584976732730865,2320,-0.013891138083999976,3.247197151184082,0.03653274387907004
234,479232,1563,306,615,0,0.0,0.0,0,11,397,207,0,-65.14756236,854.89,0.008745294995605946,0.08046875,-7.7989159524440765,0.5262405872344971,0.0003,0.05425196886062622,2330,-0.010673076190869324,3.296304702758789,0.20001099287183025
235,481280,1570,306,616,0,0.0,0.0,0,11,398,207,0,-65.06700633,864.0,0.011315315030515194,0.127685546875,-7.827429784834385,0.007090330123901367,0.0003,-0.08494573086500168,2340,-0.01778446713578887,3.3108983039855957,0.13125036126439227
236,483328,1576,306,620,0,0.0,0.0,0,11,400,209,0,-66.27859966000001,845.9,0.00862832460552454,0.075537109375,-7.861515948176384,0.6727883815765381,0.0003,-0.11207891255617142,2350,-0.013534102909034118,3.3617496490478516,0.048376152726996226
237,485376,1583,306,621,0,0.0,0.0,0,11,400,210,0,-66.13599917,848.91,0.0066809868440032005,0.060302734375,-7.886904637515545,0.4901493191719055,0.0003,-0.10016410052776337,2360,-0.010377489661914296,3.3765110969543457,0.07927102236862993
238,487424,1590,306,623,0,0.0,0.0,0,11,400,212,0,-67.01757513000001,849.89,0.007412752136588097,0.082861328125,-7.8915490239858626,0.9271450042724609,0.0003,-0.052483268082141876,2370,-0.006577383592957631,3.3774707317352295,0.014776749339216622
239,489472,1596,306,625,0,0.0,0.0,0,11,400,214,0,-65.61541523000001,853.29,0.011956214904785156,0.108837890625,-7.873227567970753,0.8033876419067383,0.0003,-0.07989899069070816,2380,-0.0165569550357759,3.330366849899292,0.029331859434751095
240,491520,1603,306,626,0,0.0,0.0,0,11,400,215,0,-66.09420315000001,857.41,0.010015634819865227,0.09140625,-7.877493850886822,0.854802131652832,0.0003,-0.09373313933610916,2390,-0.013413239474175498,3.3829779624938965,0.02062220883308328
241,493568,1610,306,628,0,0.0,0.0,0,11,401,216,0,-64.95657483000001,857.35,0.008012715727090836,0.081005859375,-7.904217720031738,0.9195801615715027,0.0003,-0.09997202455997467,2400,-0.009285842507961207,3.389634847640991,0.018959772396920017
242,495616,1616,306,631,0,0.0,0.0,0,11,403,217,0,-62.73641323000002,866.8,0.008738579228520393,0.0888671875,-7.925540655851364,0.8366364240646362,0.0003,-0.09370855987071991,2410,-0.010681445931550116,3.431248664855957,0.03559597686762572
243,497664,1623,306,633,0,0.0,0.0,0,11,404,218,0,-63.41149517000001,870.33,0.013251472264528275,0.127685546875,-7.945288774371147,0.6636514663696289,0.0003,-0.1184665858745575,2420,-0.016349071526201443,3.441147565841675,0.03641622646900942
244,499712,1630,306,634,0,0.0,0.0,0,11,404,219,0,-64.16322294,870.33,0.006852566730231047,0.067333984375,-7.962204664945602,0.6168155074119568,0.0003,-0.039232008159160614,2430,-0.006928681425051764,3.4759624004364014,0.04590412369070691
245,501760,1637,306,638,0,0.0,0.0,0,12,406,220,0,-65.63320221,847.53,0.009970764629542828,0.106005859375,-7.973263359069824,0.8409796357154846,0.0003,-0.06748899072408676,2440,-0.01346995298663387,3.4704995155334473,0.02061848132798332
