global_step,update,stage_id,stage_label,episodes,successes,success_rate,collision_rate,out_of_bounds_rate,timeout_rate,mean_return,mean_len,mean_final_distance,mean_min_distance,mean_path_ratio,mean_path_efficiency,mean_min_obstacle_clearance,min_obstacle_clearance,mean_speed,max_speed_mean,mean_action_l2,mean_action_delta_l2,mean_guided_action_l2,mean_abs_heading_error,max_abs_heading_error_mean,mean_cross_track_error,max_cross_track_error_mean,mean_abs_roll,mean_abs_pitch,mean_target_alignment,mean_current_speed,elapsed_sec,steps_per_sec,policy_loss,value_loss,entropy,approx_kl,clipfrac,log_std_mean,log_std_min,log_std_max,obs_rms_count,rc_window_mean__progress_reward,rc_cumulative_sum__progress_reward,rc_trigger_rate__progress_reward,rc_window_mean__closing_speed_reward,rc_cumulative_sum__closing_speed_reward,rc_trigger_rate__closing_speed_reward,rc_window_mean__alignment_reward,rc_cumulative_sum__alignment_reward,rc_trigger_rate__alignment_reward,rc_window_mean__step_penalty,rc_cumulative_sum__step_penalty,rc_trigger_rate__step_penalty,rc_window_mean__action_l2_penalty,rc_cumulative_sum__action_l2_penalty,rc_trigger_rate__action_l2_penalty,rc_window_mean__action_smooth_penalty,rc_cumulative_sum__action_smooth_penalty,rc_trigger_rate__action_smooth_penalty,rc_window_mean__roll_penalty,rc_cumulative_sum__roll_penalty,rc_trigger_rate__roll_penalty,rc_window_mean__pitch_penalty,rc_cumulative_sum__pitch_penalty,rc_trigger_rate__pitch_penalty,rc_window_mean__obstacle_clearance_penalty,rc_cumulative_sum__obstacle_clearance_penalty,rc_trigger_rate__obstacle_clearance_penalty,rc_window_mean__orbit_penalty,rc_cumulative_sum__orbit_penalty,rc_trigger_rate__orbit_penalty,rc_window_mean__goal_bonus,rc_cumulative_sum__goal_bonus,rc_trigger_rate__goal_bonus,rc_window_mean__collision_penalty,rc_cumulative_sum__collision_penalty,rc_trigger_rate__collision_penalty,rc_window_mean__out_of_bounds_penalty,rc_cumulative_sum__out_of_bounds_penalty,rc_trigger_rate__out_of_bounds_penalty,rc_window_mean__timeout_penalty,rc_cumulative_sum__timeout_penalty,rc_trigger_rate__timeout_penalty
4096,1,1,short_2.5D_no_current,7,7,100.0,0.0,0.0,0.0,805.2433743397636,537.5714285714286,1.2372898997798187,1.2372898997798187,0.9676647741764011,0.9994883892726412,0.0,0.0,1.3684553336117402,1.5756362957487757,0.622388800935261,0.5379580798149444,0.5656849752883727,0.014429399148380215,0.044036761165807015,0.15338479491292947,0.25300349685844586,0.0036791569997622086,0.054953516482220854,0.9994399458303136,0.0,27.1152983000502,151.05863688736986,-0.001730895007494837,8945.897657775879,1.2509774535894393,0.005699254103092244,0.028271484375,-1.0035861730575562,-1.0073740482330322,-1.0001766681671143,4104.0001,0.32384627519876474,1218.6335335729518,1.0,0.05475821425429619,206.05516023891656,1.0,0.007995490036331345,30.087029006714854,1.0,-0.0020000000000000013,-7.526000000000005,1.0,-0.0012445443298380817,-4.683220313180701,1.0,-0.0005378765171211718,-2.0240293339269693,1.0,-2.194047886596096e-05,-0.08256202197261109,1.0,-0.0009982170531908443,-3.7562907711571474,1.0,0.0,0.0,0.0,0.0,0.0,0.0,1.1161307467446187,4200.0,0.0018602179112410311,0.0,0.0,0.0,0.0,0.0,0.0,0.0,0.0,0.0
8192,2,1,short_2.5D_no_current,7,7,100.0,0.0,0.0,0.0,804.3070964370852,525.4285714285714,1.2320838547520403,1.2320838547520403,0.966511346438086,0.999634947058083,0.0,0.0,1.3546389392201663,1.5706768035066927,0.5969926160419264,0.5279022600533867,0.5555571900648409,0.014510761540801295,0.045151462905679986,0.11299934431282234,0.1826902471452833,0.003454652972183575,0.03491289762285997,0.9995766492958417,0.0,53.37057479994837,153.49281941793748,0.00016839216114021837,8947.477265930176,1.245550712198019,0.002854507291704067,0.0085205078125,-1.0036683082580566,-1.0085924863815308,-0.9964457750320435,8208.000100000001,0.3309842093440501,2435.993455540368,1.0,0.05423659960759719,405.537373595659,1.0,0.007996663721227839,59.49875817339085,1.0,-0.0020000000000000013,-14.88200000000001,1.0,-0.0011931396635591605,-9.071587995751294,1.0,-0.0005265688346677988,-3.9607495078351334,1.0,-2.0828336843366487e-05,-0.15916864488251303,1.0,-0.0006379812267127403,-6.1027857230066065,1.0,0.0,0.0,0.0,0.0,0.0,0.0,1.1419249592169658,8400.0,0.0019032082653616096,0.0,0.0,0.0,0.0,0.0,0.0,0.0,0.0,0.0
12288,3,1,short_2.5D_no_current,8,8,100.0,0.0,0.0,0.0,802.8337066916163,510.125,1.2286552837328295,1.2286552837328295,0.9644595701432104,0.9996410205137072,0.0,0.0,1.3375158502044693,1.5648933354871195,0.5739358814146096,0.5327394879236067,0.5442133911644332,0.014681713769506045,0.04293562772280135,0.10711443922956335,0.17612727298697894,0.0037135755662458378,0.03388839371204456,0.9995949341179067,0.0,80.30846129998099,153.0100290939444,-0.00027305019029881804,10146.306312561035,1.2427395939826966,0.0028562145940668414,0.0041015625,-1.0058319568634033,-1.0110231637954712,-1.0016303062438965,12313.000100000001,0.3401919739389318,3824.3169011851487,1.0,0.05371894432246279,624.7643853756297,1.0,0.007996815033885161,92.1337603266762,1.0,-0.0020000000000000013,-23.04400000000002,1.0,-0.0011502994218027857,-13.765959936128462,1.0,-0.0005330856136362192,-6.136271897084544,1.0,-2.1902976498641003e-05,-0.24855469197346697,1.0,-0.000586749734964215,-8.497311391395568,1.0,0.0,0.0,0.0,0.0,0.0,0.0,1.17618230825778,13200.0,0.0019603038470963,0.0,0.0,0.0,0.0,0.0,0.0,0.0,0.0,0.0
16384,4,1,short_2.5D_no_current,8,8,100.0,0.0,0.0,0.0,801.5907477877845,496.25,1.237628274193081,1.237628274193081,0.9640674187303815,0.9994887187005715,0.0,0.0,1.3338888565810816,1.5614909765460845,0.5787072394678223,0.545856177640723,0.5455990613533166,0.01655163160389947,0.050185982340835655,0.13313596746376313,0.21528536027617803,0.0038792675636623274,0.050436445739837875,0.9993939321884617,0.0,107.12180059996899,152.94739173759504,-0.0010263487289194017,10062.269227600098,1.2361260049045086,0.005060970739577897,0.0291259765625,-1.0079982280731201,-1.018566608428955,-1.0006835460662842,16418.0001,0.3495078813191108,5211.863190022019,1.0,0.053391153502736766,836.7272647814946,1.0,0.007995069668452493,123.8741869104326,1.0,-0.0020000000000000013,-30.984000000000023,1.0,-0.001157539846428837,-18.361393126450945,1.0,-0.0005464217743727845,-8.305566341344498,1.0,-2.3074028782521257e-05,-0.34015858624007633,1.0,-0.0009388617116792254,-12.224592386762094,1.0,0.0,0.0,0.0,0.0,0.0,0.0,1.2090680100755669,18000.0,0.0020151133501259445,0.0,0.0,0.0,0.0,0.0,0.0,0.0,0.0,0.0
20480,5,1,short_2.5D_no_current,7,7,100.0,0.0,0.0,0.0,803.2867278640653,521.4285714285714,1.2372202892472828,1.2372202892472828,0.9658406636435419,0.9993436012886738,0.0,0.0,1.3364169421119434,1.5568102728318405,0.5686220597521319,0.5560239678557636,0.5456477487943804,0.015874272456490254,0.048639934782225246,0.18071308915616344,0.28047813723906806,0.003665451446147582,0.060751224283426226,0.9993088906652302,0.0,134.25952049996704,152.54039284316548,-0.001004086621105671,8724.382833862304,1.233455777913332,0.00704163533373503,0.031982421875,-1.0072615146636963,-1.0200451612472534,-1.000795602798462,20522.0001,0.33319438204099067,6428.022684471634,1.0,0.05350982584747204,1032.0381291247675,1.0,0.007994329758633498,153.05349052944487,1.0,-0.0020000000000000013,-38.28400000000003,1.0,-0.0011367024285713694,-22.510356990736444,1.0,-0.0005562804897191411,-10.335990128819363,1.0,-2.2132619832593994e-05,-0.4209426486290444,1.0,-0.0011184645614506824,-16.306988036057085,1.0,0.0,0.0,0.0,0.0,0.0,0.0,1.1506849315068493,22200.0,0.0019178082191780822,0.0,0.0,0.0,0.0,0.0,0.0,0.0,0.0,0.0
24576,6,1,short_2.5D_no_current,7,7,100.0,0.0,0.0,0.0,804.990521696658,539.4285714285714,1.2324941324899708,1.2324941324899708,0.9669341850013412,0.9993741335452729,0.0,0.0,1.3477974179405472,1.5651084777433202,0.5874796427350838,0.5459319451519944,0.5511376278279664,0.021181901923358417,0.05451662444398294,0.21716865068721333,0.3300825605608974,0.0038086353611064905,0.04113587843145755,0.9993500010833062,0.0,175.00367180001922,140.43133922403393,-0.0011001113511156292,8640.230253601074,1.237275353819132,0.003996605419160915,0.03017578125,-1.0061649084091187,-1.018698811531067,-0.9994407892227173,24626.0001,0.3224512182077179,7645.598484423977,1.0,0.05402429455339194,1236.0338653583754,1.0,0.007994969131853174,183.24249397132246,1.0,-0.0020000000000000013,-45.836000000000034,1.0,-0.0011732821017407548,-26.940670206909534,1.0,-0.0005455472152490478,-12.395976413599767,1.0,-2.2822198662771458e-05,-0.5071192707796695,1.0,-0.0007146217235481904,-19.00539966417505,1.0,0.0,0.0,0.0,0.0,0.0,0.0,1.1122881355932204,26400.0,0.001853813559322034,0.0,0.0,0.0,0.0,0.0,0.0,0.0,0.0,0.0
28672,7,1,short_2.5D_no_current,8,8,100.0,0.0,0.0,0.0,802.5176726368495,511.0,1.2395411792588025,1.2395411792588025,0.965118604555844,0.998807358288754,0.0,0.0,1.3359541722487989,1.560305167087619,0.5825487064624302,0.5441209824817097,0.549878640913922,0.01810094545439111,0.050422798343374375,0.23545703609243862,0.33205100129026277,0.003775233172552569,0.06642889768540661,0.9987875504373646,0.0,201.9117583000334,142.00262650080273,-0.0022457940329331906,9797.461126708984,1.239395347982645,0.0042002766916994,0.041259765625,-1.0057308673858643,-1.0187954902648926,-0.9991517663002014,28731.0001,0.3395595297929281,9033.717842217467,1.0,0.05358191337251965,1455.0767272252356,1.0,0.007991229221419285,215.9106390284845,1.0,-0.0020000000000000013,-54.01200000000004,1.0,-0.0011666735235689146,-31.710031571259258,1.0,-0.000543104195475741,-14.616186364704596,1.0,-2.2037124709044784e-05,-0.5972070365902445,1.0,-0.0010844727351887811,-23.43872420562679,1.0,0.0,0.0,0.0,0.0,0.0,0.0,1.1741682974559686,31200.0,0.0019569471624266144,0.0,0.0,0.0,0.0,0.0,0.0,0.0,0.0,0.0
32768,8,1,short_2.5D_no_current,7,7,100.0,0.0,0.0,0.0,804.2485339185783,532.8571428571429,1.2335179862205157,1.2335179862205157,0.9666516453525843,0.9993521974023849,0.0,0.0,1.3402975518014275,1.5577632756545268,0.5653310256015212,0.5421133431018179,0.5465301707924665,0.016162137300017324,0.04599265848225574,0.17278957371433915,0.2685098600104228,0.0037038060003537635,0.05595996082594501,0.9993147533756827,0.0,229.22711740003433,142.9499283141755,-0.0003394044586457312,8492.455758666993,1.2393270537257195,0.004156961160333594,0.015283203125,-1.0060021877288818,-1.018843650817871,-0.9967749118804932,32835.000100000005,0.3263248458530743,10250.909517249434,1.0,0.05368417814244474,1655.3187116965544,1.0,0.00799452064002547,245.7302010157795,1.0,-0.0020000000000000013,-61.47200000000005,1.0,-0.0011307710040530476,-35.92780741637713,1.0,-0.0005422647958174444,-16.638834053103665,1.0,-2.2319979216115153e-05,-0.680460559066354,1.0,-0.0009999482585898302,-27.168531210166858,1.0,0.0,0.0,0.0,0.0,0.0,0.0,1.126005361930295,35400.0,0.0018766756032171583,0.0,0.0,0.0,0.0,0.0,0.0,0.0,0.0,0.0
36864,9,1,short_2.5D_no_current,6,6,100.0,0.0,0.0,0.0,808.7180444978735,591.5,1.2279573274570812,1.2279573274570812,0.9705996441146972,0.9994926906441844,0.0,0.0,1.358868061826669,1.5562829154966848,0.5642996379043964,0.5482131210185698,0.5543565067369612,0.015312550405607197,0.04713842398461813,0.1724743186259986,0.2808819310341732,0.0032435232134632648,0.05456886839385484,0.9994715024669748,0.0,255.91589409997687,144.04732511689406,-0.00254897121922113,7200.053530883789,1.2356117099523545,0.003984376441076165,0.056201171875,-1.008172869682312,-1.0248233079910278,-0.995250940322876,36938.000100000005,0.2952141304453684,11298.624466200046,1.0,0.05436451852664196,1848.2583879476067,1.0,0.007995595419446088,274.10656915939364,1.0,-0.0020000000000000013,-68.57000000000005,1.0,-0.0011292521803138353,-39.93552340431093,1.0,-0.0005493051825644552,-18.588318146024918,1.0,-1.9314823315042968e-05,-0.7490088670114415,1.0,-0.0010140822680299933,-30.767509179405305,1.0,0.0,0.0,0.0,0.0,0.0,0.0,1.0143702451394758,39000.0,0.0016906170752324597,0.0,0.0,0.0,0.0,0.0,0.0,0.0,0.0,0.0
40960,10,1,short_2.5D_no_current,8,8,100.0,0.0,0.0,0.0,802.296884531149,506.0,1.2400077075621598,1.2400077075621598,0.9643251338982566,0.999620482215883,0.0,0.0,1.3331867912769848,1.5645872158916871,0.5720200809000215,0.5504144754320163,0.54380763093768,0.013078654684835355,0.042545394172161854,0.12735902328204202,0.19969848601612328,0.0036810242005814067,0.04303151840156595,0.9995914896511003,0.0,282.43361299997196,145.0252311151225,-0.0017670725414063782,9554.524740600586,1.2274172931909562,0.0024012260160816367,0.0377685546875,-1.011523723602295,-1.0318020582199097,-0.998481810092926,41043.000100000005,0.3429100628012545,12686.724400419524,1.0,0.05340423095707452,2064.4387148618443,1.0,0.007996555683863073,306.47662656767136,1.0,-0.0020000000000000013,-76.66600000000005,1.0,-0.0011432116142461003,-44.563244018779145,1.0,-0.0005502907754748114,-20.815895205146955,1.0,-2.1839977507290907e-05,-0.8374170959609551,1.0,-0.0007992925865271033,-34.00304556966702,1.0,0.0,0.0,0.0,0.0,0.0,0.0,1.1857707509881423,43800.0,0.001976284584980237,0.0,0.0,0.0,0.0,0.0,0.0,0.0,0.0,0.0
45056,11,2,medium_3D_current,4,4,100.0,0.0,0.0,0.0,826.0395675054854,886.0,1.240601150790559,1.240601150790559,0.9897163646651681,0.9894264794250115,0.0,0.0,1.388427666380474,1.5901828491798053,0.5637579537687841,0.5582530102621059,0.5851574371986082,0.02868147910681937,0.11226654767353017,1.5336072006278367,2.246138759362495,0.0036992461982480462,0.17250297661918657,0.996097028361308,0.17684993250363604,323.4333436000161,139.30536505141507,-0.0002895219717174768,4667.619550704956,1.2296305686235427,0.0016970994900475489,0.025830078125,-1.006503939628601,-1.0212383270263672,-0.9939144253730774,45144.000100000005,0.19893459402305447,13391.748601637228,1.0,0.05494238490032534,2259.1545269485973,0.9974604966139955,0.007970548839088166,334.72425165339985,1.0,-0.0019999999999999974,-83.75400000000005,1.0,-0.0011246676808575266,-48.54906627973822,1.0,-0.0005573195872617561,-22.79103582240262,1.0,-2.1855217600896103e-05,-0.9148719871385309,1.0,-0.003020019920669436,-44.705996168519505,1.0,0.0,0.0,0.0,0.0,0.0,0.0,0.6772009029345373,46200.0,0.001128668171557562,0.0,0.0,0.0,0.0,0.0,0.0,0.0,0.0,0.0
49152,12,2,medium_3D_current,4,4,100.0,0.0,0.0,0.0,820.0582742813426,795.5,1.236874358310775,1.236874358310775,0.9869056815442848,0.9898579867443533,0.0,0.0,1.3844046813146074,1.5799722717277955,0.5667239715712382,0.5357511325893205,0.5871497091449367,0.034782632259353075,0.2792099858972502,1.3801726870194324,2.0179222039254827,0.0038422985315521713,0.14154603150854156,0.9942014540275753,0.19301168870987076,349.8464632999385,140.49591794175112,-0.0008842841954901815,4641.59119644165,1.2325819261372088,0.0030095738966338104,0.0306884765625,-1.0098930597305298,-1.0208021402359009,-0.9969080686569214,49245.000100000005,0.22103782290626567,14095.090954124966,1.0,0.05383593325961153,2430.460466580681,0.9952859836580766,0.007954853974043009,360.0365969988047,1.0,-0.0019999999999999974,-90.11800000000004,1.0,-0.0011337885641458359,-52.15678149085027,1.0,-0.0005372911514032404,-24.50069626616773,1.0,-2.2958893134176055e-05,-0.9879271850914791,1.0,-0.0025056912278522787,-52.679105655545456,1.0,0.0,0.0,0.0,0.0,0.0,0.0,0.754242614707731,48600.0,0.001257071024512885,0.0,0.0,0.0,0.0,0.0,0.0,0.0,0.0,0.0
53248,13,2,medium_3D_current,4,4,100.0,0.0,0.0,0.0,828.7064099637971,986.25,1.2426714746998246,1.2426714746998246,0.9914891115518059,0.9883360841199537,0.0,0.0,1.2859234654258156,1.488236827080997,0.5546390520123794,0.5438239402771685,0.5743400107042906,0.024434599383717597,0.11969345201250259,1.8100876960873284,2.6950847232462927,0.0034495141362029117,0.1287955983565142,0.9971024130628275,0.18625747593619957,377.1782674000133,141.17462378480113,-0.0017876964586321265,4578.229583740234,1.2226413927972317,0.0054364241106668485,0.058349609375,-1.0131303071975708,-1.0178768634796143,-1.0070146322250366,53346.000100000005,0.17882048246513016,14800.537757449903,1.0,0.05074862525788784,2630.6637932230487,0.9961977186311787,0.007979537863090129,391.5158738686953,1.0,-0.0019999999999999823,-98.00799999999997,1.0,-0.0011100112161087998,-56.53577573839949,1.0,-0.0005427747564691238,-26.641942680438422,1.0,-1.998167350906348e-05,-1.0667548870847345,1.0,-0.001980912197261167,-60.493804273740764,1.0,0.0,0.0,0.0,0.0,0.0,0.0,0.6083650190114068,51000.0,0.0010139416983523447,0.0,0.0,0.0,0.0,0.0,0.0,0.0,0.0,0.0
57344,14,2,medium_3D_current,4,4,100.0,0.0,0.0,0.0,826.2918755166688,955.5,1.2353863884247236,1.2353863884247236,0.9886473288016754,0.9913852078353786,0.0,0.0,1.3118823269927615,1.5025405131736431,0.5544133625999708,0.5292120386005017,0.5900043120767424,0.038862533056375104,0.18257897417679403,1.3147471267807442,2.0723449480982525,0.004614753917142194,0.23901295541545708,0.9953215992566823,0.17134509712888435,405.2490781999659,141.50309793352375,-0.0008181035635061562,4539.480331420898,1.2151226460933686,0.005399860709076165,0.0339599609375,-1.0147005319595337,-1.0196318626403809,-1.0073174238204956,57447.000100000005,0.1846328152757545,15506.204377433838,1.0,0.05204791892166755,2829.5909393416623,0.9960753532182104,0.007965183343846226,421.95880460887554,1.0,-0.001999999999999992,-105.65199999999993,1.0,-0.001108595847542417,-60.7728290677066,1.0,-0.0005304736087046116,-28.66941281290745,1.0,-2.6791617867352586e-05,-1.169152450573756,1.0,-0.004149208202717603,-76.35207802452744,1.0,0.0,0.0,0.0,0.0,0.0,0.0,0.6279434850863422,53400.0,0.0010465724751439038,0.0,0.0,0.0,0.0,0.0,0.0,0.0,0.0,0.0
61440,15,2,medium_3D_current,5,5,100.0,0.0,0.0,0.0,812.1206322644036,807.4,1.2473648666101778,1.2473648666101778,1.0697990009247194,0.9195042279119491,0.0,0.0,1.3928729798372401,1.768782823810112,0.5647610254614832,0.5462839152759627,0.6416692994225308,0.22157467669118316,1.620836528981735,1.3597786702776626,2.5231437732944615,0.0039900461991062034,0.1911798360795617,0.8938681826018685,0.21231076405016464,432.5736430999823,142.0336189687802,-0.0017383357480866835,5669.743340301514,1.211946076154709,0.003963581565403729,0.027392578125,-1.0154439210891724,-1.0226244926452637,-1.0053033828735352,61549.000100000005,0.21736887931802812,16383.722543240718,1.0,0.04973397605844986,3030.3670006896245,0.9093386177854843,0.006992231405960229,450.186442794737,0.9346049046321526,-0.00199999999999999,-113.72599999999989,1.0,-0.0011306008879263842,-65.33706485226541,1.0,-0.0005453544780304294,-30.871008840716293,1.0,-2.528714980645791e-05,-1.2712366743424266,1.0,-0.003957589294661333,-92.32886600707525,1.0,0.0,0.0,0.0,-0.003715630418627694,-15.0,0.003715630418627694,0.7431260837255388,56400.0,0.0012385434728758979,0.0,0.0,0.0,0.0,0.0,0.0,0.0,0.0,0.0
65536,16,2,medium_3D_current,4,4,100.0,0.0,0.0,0.0,825.9540567379859,914.75,1.2398817666915494,1.2398817666915494,0.9984311086651493,0.9816626572180438,0.0,0.0,1.3847089623597533,1.603636550577515,0.5572193836802716,0.5548914273639959,0.6100309078395634,0.04981229866565678,0.36579808756279697,1.9290653600897236,2.82445025488835,0.004842916815409201,0.23235643045050255,0.9910511267544039,0.20605562617368736,484.08067329996265,135.38239309006732,-0.0017368525324855,4458.395376586914,1.213042065501213,0.004267670036642812,0.0570068359375,-1.0139456987380981,-1.0192848443984985,-1.006502389907837,65650.0001,0.19283771719356077,17089.315750451955,1.0,0.05387129352035737,3227.482063680612,0.9948073244055753,0.007933439586565701,479.2148982419809,1.0,-0.001999999999999995,-121.04399999999987,1.0,-0.0011150299543637022,-69.4169594552822,1.0,-0.0005533089714403383,-32.89556636721649,1.0,-2.8545226577169247e-05,-1.3756836583882888,1.0,-0.003933752277661514,-106.72246559103873,1.0,0.0,0.0,0.0,0.0,-15.0,0.0,0.6559169171904892,58800.0,0.0010931948619841486,0.0,0.0,0.0,0.0,0.0,0.0,0.0,0.0,0.0
69632,17,2,medium_3D_current,4,4,100.0,0.0,0.0,0.0,830.108687586704,920.25,1.2308896503111093,1.2308896503111093,0.9924503710620781,0.988144792123365,0.0,0.0,1.4279223678281794,1.6344528965112275,0.5771342258713075,0.5369883693106691,0.5895561520755691,0.042676070609761495,0.2659984624727717,1.710433185647731,2.773764073846771,0.0031327412108653717,0.09730038247451993,0.9970812583771819,0.18577222468826984,512.8837117999792,135.76566850919212,0.0006535513704875485,4433.912879943848,1.2135909155011178,0.0013913894326833542,0.017236328125,-1.0149885416030884,-1.0220935344696045,-1.0087075233459473,69751.0001,0.19180976154714022,17795.367482706977,1.0,0.05593909593631686,3433.3938758221943,0.9964683509915784,0.007975955464187362,508.57439030565456,1.0,-0.0019999999999999922,-128.40599999999984,1.0,-0.0011533308826390475,-73.66237043427653,1.0,-0.0005377515558514183,-34.87502984430556,1.0,-1.894297178649956e-05,-1.4454127375343937,1.0,-0.0019645972774335733,-113.9541481692717,1.0,0.0,0.0,0.0,0.0,-15.0,0.0,0.6519967400162999,61200.0,0.0010866612333604998,0.0,0.0,0.0,0.0,0.0,0.0,0.0,0.0,0.0
73728,18,2,medium_3D_current,4,4,100.0,0.0,0.0,0.0,825.4235965979412,1008.75,1.2355672882446864,1.2355672882446864,0.9827405321305701,0.9953365129982696,0.0,0.0,1.175473365486013,1.3758858843130148,0.5788207458327301,0.54699234989086,0.5740033030546244,0.03346881688346573,0.11766024988321133,1.0742023120361595,1.5436151785102052,0.003959558550244064,0.14991261859429328,0.9976484593885406,0.2320104306636643,540.3409114000387,136.44719184591935,0.00028385654441080986,4388.2459815979,1.2090226970613003,0.0037662117363652216,0.0347412109375,-1.0170085430145264,-1.022140383720398,-1.0123631954193115,73852.0001,0.17454143524597135,18499.642173924472,1.0,0.04690085458975237,3622.638824091845,0.9952912019826518,0.007983522742664041,540.787904572304,1.0,-0.0019999999999999745,-136.47599999999974,1.0,-0.0011545946654227196,-78.3211599092572,1.0,-0.0005472161352532223,-37.08304695005231,1.0,-2.2554139604699062e-05,-1.5364186908393545,1.0,-0.002233198222552112,-122.96510299726948,1.0,0.0,0.0,0.0,0.0,-15.0,0.0,0.5947955390334573,63600.0,0.0009913258983890955,0.0,0.0,0.0,0.0,0.0,0.0,0.0,0.0,0.0
77824,19,2,medium_3D_current,4,4,100.0,0.0,0.0,0.0,831.0061377434231,1009.0,1.2417160829857983,1.2417160829857983,0.9968879536678998,0.9844286558605528,0.0,0.0,1.351509899551263,1.5675240202334446,0.6005017643886223,0.5364521426695799,0.5891134296137424,0.03520347519312418,0.24510739283696725,1.9268326571495433,3.016464365504576,0.004071958522169114,0.1516870397036929,0.9975439099294434,0.25299693814035534,566.544933600002,137.36597996822988,-0.0005006955470889807,4353.532190704345,1.2007361322641372,0.00402690694318153,0.0214599609375,-1.0207256078720093,-1.0256528854370117,-1.01821768283844,77953.0001,0.17502902782722815,19206.059330235166,1.0,0.05220664430263765,3833.3448404972905,0.9952923686818632,0.007981696515212118,573.0020317077001,1.0,-0.0019999999999999823,-144.54799999999966,1.0,-0.0012022404920651755,-83.17340253523226,1.0,-0.0005343633947167218,-39.239737611128994,1.0,-2.364735940634456e-05,-1.6318594334033611,1.0,-0.0025114902993622745,-133.10147784549562,1.0,0.0,0.0,0.0,0.0,-15.0,0.0,0.5946481665014867,66000.0,0.0009910802775024777,0.0,0.0,0.0,0.0,0.0,0.0,0.0,0.0,0.0
81920,20,2,medium_3D_current,5,5,100.0,0.0,0.0,0.0,812.2142314278237,773.4,1.2419553613554606,1.2419553613554606,0.9966539228766305,0.9791981312882632,0.0,0.0,1.3190838521360684,1.57354569188172,0.5825613659985549,0.5266303841017077,0.6194772570781838,0.0937221970664813,0.4868983442917581,1.3523446665648804,2.070924571253848,0.005565124741959534,0.26398354952722947,0.9781746937289544,0.17338461950095735,593.2880045999773,138.0779644369084,-0.0009672803396824747,5365.260092163086,1.1921837948262692,0.005709381325141294,0.0490234375,-1.0222749710083008,-1.026695966720581,-1.0187336206436157,82055.0001,0.22696294194924357,20083.72502675289,1.0,0.051779752860007,4033.5771448069377,0.9956038272562711,0.007842799854757125,603.3301387460459,1.0,-0.0020000000000000013,-152.28199999999967,1.0,-0.0011647891002799424,-87.67764198601479,1.0,-0.000526205417665951,-41.27457396124323,1.0,-3.234381906853034e-05,-1.756932981741368,1.0,-0.00459188036652832,-150.85827922286063,1.0,0.0,0.0,0.0,-0.003878975950349108,-30.0,0.003878975950349108,0.7757951900698216,69000.0,0.0012929919834497026,0.0,0.0,0.0,0.0,0.0,0.0,0.0,0.0,0.0
86016,21,3,3D_with_obstacles,3,3,100.0,0.0,0.0,0.0,836.8421702081951,1250.6666666666667,1.2389416085082734,1.2389416085082734,0.9917260046638493,0.9920593850201138,35.8857443234775,20.645947570108373,1.2565606111730192,1.4580910942732246,0.5601094338282063,0.5407646902622818,0.5988051199849908,0.0310087944617929,0.15735601180796843,1.949634491554025,3.0589364477791925,0.004955388025859799,0.32619815719065515,0.9954172832485974,0.19454474462322313,645.0336523000151,133.3511820558358,-0.0015133898967178538,3204.312817955017,1.1876385994255543,0.005050585686694831,0.033056640625,-1.023988127708435,-1.032275915145874,-1.0173827409744263,86155.0001,0.1415940861687376,20614.986038057996,1.0,0.04992353336016888,4220.890241974292,0.9965351812366737,0.007959843636882081,633.1954720716275,1.0,-0.001999999999999955,-159.7859999999995,1.0,-0.0011190764553763513,-91.87641684658686,1.0,-0.0005396216852248025,-43.29923452420669,1.0,-3.080419582855274e-05,-1.8725103244900978,1.0,-0.006415223456068416,-174.92819763002933,1.0,0.0,0.0,0.0,0.0,-30.0,0.0,0.47974413646055436,70800.0,0.0007995735607675906,0.0,0.0,0.0,0.0,0.0,0.0,0.0,0.0,0.0
90112,22,3,3D_with_obstacles,3,3,100.0,0.0,0.0,0.0,840.952666139881,1296.3333333333333,1.236329442777224,1.236329442777224,1.0000188290593472,0.9852156590820217,25.203503284319527,5.806337013730424,1.3385026419957633,1.5326483397926225,0.5583796915662348,0.5365286083985933,0.6142067745456216,0.03871985677964217,0.2144757669435974,2.1226218997590824,3.2865928336939256,0.0050921944139325085,0.3526317248971386,0.9926503362991991,0.23205720525743442,672.2570940000005,134.0439555108658,-0.0007734794926363975,3175.441245269775,1.184018850326538,0.006579245647299103,0.050146484375,-1.0251059532165527,-1.033948540687561,-1.01368248462677,90255.0001,0.1367729700520121,21146.89611859027,1.0,0.0511621531410855,4419.859855539973,0.9964001028542042,0.007945972222814476,664.097358046153,1.0,-0.0019999999999999476,-167.56399999999928,1.0,-0.0011189192367805818,-96.22789375842655,1.0,-0.000535432036520016,-45.38152971423303,1.0,-2.983075084940453e-05,-1.988522114543432,1.0,-0.00632445301129338,-199.5239953909493,1.0,0.0,0.0,0.0,0.0,-30.0,0.0,0.4628439187451787,72600.0,0.0007714065312419646,0.0,0.0,0.0,0.0,0.0,0.0,0.0,0.0,0.0
94208,23,3,3D_with_obstacles,3,3,100.0,0.0,0.0,0.0,833.9771323958162,1142.6666666666667,1.24252653434473,1.24252653434473,0.9873146440333537,0.9948146518237978,33.47882012542784,19.01376729364512,1.2140249334832456,1.3883657781730063,0.5794100374515193,0.5229995355670939,0.5832550168138897,0.028593817266304222,0.10347257938139576,1.4769455092960868,2.274466668766952,0.003714052054623692,0.14592815758528302,0.9984275707392963,0.24878332618232665,699.1218105000444,134.75191101907987,-0.0005533500865567475,3152.556746673584,1.1835903890430928,0.0018207962049928029,0.020751953125,-1.0238157510757446,-1.0322633981704712,-1.0129907131195068,94355.0001,0.15471983243642998,21677.275704182353,1.0,0.04831477037157625,4585.482888373736,0.9959159859976663,0.007987413225666996,691.4782105837394,1.0,-0.0019999999999999736,-174.4199999999992,1.0,-0.001159698411148415,-100.20333991184332,1.0,-0.0005238186148998616,-47.17717992610976,1.0,-2.1982890708621088e-05,-2.0638794638925853,1.0,-0.002552397917543992,-208.2736154522901,1.0,0.0,0.0,0.0,0.0,-30.0,0.0,0.5250875145857643,74400.0,0.0008751458576429405,0.0,0.0,0.0,0.0,0.0,0.0,0.0,0.0,0.0
98304,24,3,3D_with_obstacles,3,3,100.0,0.0,0.0,0.0,820.1044120287893,1053.0,1.2418698129094141,1.2418698129094141,1.06104922054345,0.9271196210732912,26.364515477228213,1.3968287246493511,1.3775138102751177,1.716951348948766,0.5875426396046656,0.5038030957544565,0.7144844687619522,0.26482449374974276,1.861173909858539,1.8696202805787407,2.7953552923626552,0.006628106802990943,0.43295091142439585,0.8906670735934729,0.17117695276321399,726.2611520999344,135.35626918190613,-0.0012319979898165912,3133.632505607605,1.1824865557253361,0.005367579012818169,0.052685546875,-1.0262095928192139,-1.03501558303833,-1.0124216079711914,98455.0001,0.16770176824080513,22207.045590055055,1.0,0.05098819768938766,4746.554604874512,0.9154795821462488,0.007048018190937154,713.7429000489099,0.9632795188350743,-0.0019999999999999727,-180.73799999999912,1.0,-0.0011747271616498894,-103.91430301549532,1.0,-0.000502804440888274,-48.76553915487582,1.0,-4.097999572743818e-05,-2.1933352703955626,1.0,-0.008049824818121026,-233.70301205273444,1.0,-0.0001952773070327841,-0.6168810129165649,0.005698005698005698,-0.004748338081671415,-45.0,0.004748338081671415,0.5698005698005698,76200.0,0.000949667616334283,0.0,0.0,0.0,0.0,0.0,0.0,0.0,0.0,0.0
102400,25,3,3D_with_obstacles,4,4,100.0,0.0,0.0,0.0,834.9833346248099,1012.0,1.2441103850247632,1.2441103850247632,0.9891858468992571,0.993782165344768,33.97840933539673,11.232594506264304,1.4509720097267873,1.6408046308511475,0.5831538190428388,0.5011588857145467,0.6074461790509653,0.028370603746273364,0.20111864023140258,1.0640087959950129,1.5752989395865733,0.004103098640794202,0.25925821323734605,0.9960910396569425,0.09869741463224932,753.083786000032,135.97424603163034,-0.0005189986259210855,4139.629003143311,1.1785871431231498,0.0036023290442244614,0.0355712890625,-1.0263147354125977,-1.0366801023483276,-1.0125682353973389,102556.0001,0.17484527382069404,22914.819258481224,1.0,0.05766124143977781,4979.9673102227325,0.9995059288537549,0.00797116411063295,746.010172368752,1.0,-0.0019999999999999905,-188.8339999999991,1.0,-0.0011653856685810277,-108.63178420191132,1.0,-0.0005003296490850973,-50.79087357437229,1.0,-2.4375537392585567e-05,-2.292007445760749,1.0,-0.004590617542913772,-252.28583186644937,1.0,0.0,-0.6168810129165649,0.0,0.0,-45.0,0.0,0.5928853754940712,78600.0,0.0009881422924901185,0.0,0.0,0.0,0.0,0.0,0.0,0.0,0.0,0.0
106496,26,3,3D_with_obstacles,3,3,100.0,0.0,0.0,0.0,851.0280116455903,1252.6666666666667,1.2420802629092185,1.2420802629092185,0.9875739192336259,0.9985616160852948,26.667768881712913,12.661046452501035,1.43189763534777,1.5776522569164735,0.6233468782880115,0.5160961368863998,0.605309709314544,0.027736279191220962,0.09165652145845786,0.8922693943698201,1.4379202760268583,0.003518096272964528,0.10779254760905733,0.9989488147892303,0.15988659798815527,807.2326807000209,131.92726526835875,0.0013094817230012267,3084.215823841095,1.1787483870983124,0.006183733970829053,0.063623046875,-1.0267393589019775,-1.037168025970459,-1.0171399116516113,106656.0001,0.14170377615476715,23447.34204927084,1.0,0.05650537020424035,5192.314491450268,0.9984034060670569,0.007991636236379773,776.0427413450672,1.0,-0.0019999999999999567,-196.34999999999894,1.0,-0.0012465913737137737,-113.31647458432768,1.0,-0.0005158991092989347,-52.72962242711769,1.0,-2.1168426188641003e-05,-2.371558391377662,1.0,-0.0020222234901320123,-259.88534774236547,1.0,0.0,-0.6168810129165649,0.0,0.0,-45.0,0.0,0.47897817988291647,80400.0,0.0007982969664715274,0.0,0.0,0.0,0.0,0.0,0.0,0.0,0.0,0.0
110592,27,3,3D_with_obstacles,4,4,100.0,0.0,0.0,0.0,835.8075944036864,1022.75,1.2407579910701587,1.2407579910701587,0.9912803891587103,0.9912060134990786,31.76083240428957,7.907087919413003,1.4180349213035277,1.6326265888717622,0.6034266127314918,0.505026343115335,0.5919922408082019,0.029046416841877257,0.23562278342962173,1.5341168408320287,2.2885010635275105,0.004017130285197204,0.1629586489082889,0.9981709055017358,0.21091833558698475,835.3262927000178,132.3937735067987,-0.00021034295205026864,4066.5821601867674,1.1772845014929771,0.004430828205659054,0.0304443359375,-1.02609384059906,-1.0393174886703491,-1.0134283304214478,110757.0001,0.1729204131179651,24154.759459336434,1.0,0.05626748959676632,5422.504791390639,0.9970667318504033,0.007986349883763415,808.7148987195433,1.0,-0.0019999999999999888,-204.5319999999989,1.0,-0.0012054338051577383,-118.24790428122799,1.0,-0.0005033418003259298,-54.788793732251065,1.0,-2.3444892642628662e-05,-2.467471447178656,1.0,-0.002879730067920471,-271.6663234502281,1.0,0.0,-0.6168810129165649,0.0,0.0,-45.0,0.0,0.5866536299193351,82800.0,0.0009777560498655585,0.0,0.0,0.0,0.0,0.0,0.0,0.0,0.0,0.0
114688,28,3,3D_with_obstacles,3,3,100.0,0.0,0.0,0.0,825.6004816165297,1090.3333333333333,1.2430423583305978,1.2430423583305978,1.0413206796152992,0.9476143729193233,26.90130037373972,14.830474257095581,1.387464344476819,1.6918569948196216,0.6016361491594179,0.5371129626207617,0.6765698513980577,0.17160978915767355,1.457049580244137,1.9552306326987277,2.843343935118849,0.005756309719140933,0.44202969255229957,0.9370949539494774,0.14968378835840093,863.0903760000365,132.88063821487353,-0.00036221618065610526,3030.665591239929,1.175357699394226,0.004316171779646538,0.0510009765625,-1.0286693572998047,-1.0426017045974731,-1.0142371654510498,114857.0001,0.16220329378707127,24685.326433313945,1.0,0.053450790063860644,5597.342325689528,0.9596453683888719,0.007548255735040789,833.4052432288617,0.9880770406603485,-0.001999999999999981,-211.07399999999885,1.0,-0.0012014536706556897,-122.17785923794276,1.0,-0.0005356853679226107,-56.54102057072593,1.0,-3.485981767915899e-05,-2.581497910807185,1.0,-0.007934943343720358,-297.6215231275374,1.0,0.0,-0.6168810129165649,0.0,-0.0045857535921736475,-60.0,0.0045857535921736475,0.5502904310608376,84600.0,0.0009171507184347294,0.0,0.0,0.0,0.0,0.0,0.0,0.0,0.0,0.0
118784,29,3,3D_with_obstacles,3,3,100.0,0.0,0.0,0.0,837.2171621673219,1189.0,1.238614676788394,1.238614676788394,0.9979008033883942,0.9860347114441135,41.16049570828133,11.899201632537409,1.3355490257020282,1.51400147047835,0.5988150094219898,0.5192287194473449,0.6173668439545773,0.04292396640290803,0.38836289817903813,2.613428448077242,3.9383866007962904,0.005589946341998165,0.3597138947722518,0.9946954328232048,0.19190063253912185,890.6356070999755,133.3699203726831,-0.0012835056288167835,2997.5994094848634,1.1642636366188526,0.00629176583752269,0.072021484375,-1.0341182947158813,-1.0455775260925293,-1.0181798934936523,118957.0001,0.14895954704421338,25216.665137620654,1.0,0.05236312883318405,5784.121606237495,0.9957947855340622,0.00796353755630112,861.8111816921878,1.0,-0.001999999999999963,-218.20799999999872,1.0,-0.001198976366070001,-126.45460793571445,1.0,-0.0005204332343178058,-58.39740591753754,1.0,-3.159303542929303e-05,-2.694190268183473,1.0,-0.006025402414935969,-319.11413354161397,1.0,0.0,-0.6168810129165649,0.0,0.0,-60.0,0.0,0.5046257359125316,86400.0,0.0008410428931875525,0.0,0.0,0.0,0.0,0.0,0.0,0.0,0.0,0.0
122880,30,3,3D_with_obstacles,3,3,100.0,0.0,0.0,0.0,843.3736864174372,1251.0,1.231139088390793,1.231139088390793,1.014136594021558,0.973177848889506,36.033839426024734,16.909746531472265,1.4532789123125525,1.672084547119832,0.6210984927043245,0.4903079014077538,0.6462131720684287,0.09555190485448929,0.7197514587900384,2.797369530001815,4.084116725878906,0.00521922208120888,0.2332398705333316,0.9777613259761132,0.2214192781148473,918.2301846999908,133.8226536738694,0.00038111010217107834,2982.300911331177,1.1504000321030616,0.005864239099901169,0.0667724609375,-1.0373340845108032,-1.0527212619781494,-1.0262112617492676,123057.0001,0.1418927383803921,25749.188584762265,1.0,0.056530437190750585,5996.280337014382,0.9810818012256861,0.007840559705327758,891.2368022662829,1.0,-0.001999999999999957,-225.71399999999855,1.0,-0.0012428789240914331,-131.11913253782959,1.0,-0.0004908888669393696,-60.239711835160996,1.0,-3.0187205999171098e-05,-2.8074828522983624,1.0,-0.003959663239122889,-333.97474967804214,1.0,0.0,-0.6168810129165649,0.0,-0.003996802557953637,-75.0,0.003996802557953637,0.47961630695443647,88200.0,0.0007993605115907274,0.0,0.0,0.0,0.0,0.0,0.0,0.0,0.0,0.0
126976,31,3,3D_with_obstacles,3,3,100.0,0.0,0.0,0.0,826.5417015494604,895.6666666666666,1.2378515324766948,1.2378515324766948,0.991573001962681,0.9890990448739164,34.93673235018861,13.133708442059966,1.4274363471017029,1.6183444926053776,0.611853629326698,0.5025944535628185,0.6067231810817794,0.03237760722437872,0.19049850264816648,1.5373362465825522,2.3801545728557243,0.004291355979261655,0.268974033612976,0.9967922140936955,0.17574780778834262,976.2394798999885,130.0664464143656,-0.0010049855161923915,2962.0625158309936,1.1453232891857623,0.00576950990507612,0.0696533203125,-1.0365544557571411,-1.0512531995773315,-1.0261591672897339,127157.0001,0.19707989614056612,26278.742265691966,1.0,0.05647147846082304,6148.019199638614,0.9962783773725344,0.007974462511763349,912.664183035391,1.0,-0.0020000000000000013,-231.08799999999854,1.0,-0.0012230647452283747,-134.40550750825824,1.0,-0.0005028970234781808,-61.59099613724687,1.0,-2.5952062855155872e-05,-2.877216045190166,1.0,-0.004843106516283026,-346.9881768872946,1.0,0.0,-0.6168810129165649,0.0,0.0,-75.0,0.0,0.6698920729438035,90000.0,0.0011164867882396724,0.0,0.0,0.0,0.0,0.0,0.0,0.0,0.0,0.0
131072,32,3,3D_with_obstacles,3,3,100.0,0.0,0.0,0.0,846.6468984812873,1145.0,1.2293895549609175,1.2293895549609175,0.9889122756678385,0.9949059889793682,26.440862764805747,11.432797159654843,1.4518554075466341,1.620464383107521,0.6171059078343276,0.5072400591721953,0.603921492266271,0.02184024268018986,0.12168917185545307,1.6743082762767798,2.6720081686409256,0.0032089529882685344,0.037400744898819525,0.9992072418334219,0.1247469923630556,1005.0409061999526,130.41459227324552,0.002637646842049435,2946.293111038208,1.1482905454933643,0.01459611381360446,0.1300537109375,-1.0353444814682007,-1.0529083013534546,-1.0234873294830322,131257.0001,0.1546627918428588,26810.008955672187,1.0,0.05723064746515358,6344.606473681416,0.9982532751091703,0.007993556356011441,940.1220491182903,1.0,-0.0019999999999999523,-237.95799999999838,1.0,-0.0012335032214157095,-138.6425910738212,1.0,-0.0005073997324808598,-63.333914218318625,1.0,-1.836359524538903e-05,-2.9402949948580774,1.0,-0.0007155907032773351,-349.4462309530523,1.0,0.0,-0.6168810129165649,0.0,0.0,-75.0,0.0,0.5240174672489083,91800.0,0.0008733624454148472,0.0,0.0,0.0,0.0,0.0,0.0,0.0,0.0,0.0
135168,33,3,3D_with_obstacles,3,3,100.0,0.0,0.0,0.0,825.3090029374747,1044.0,1.2384338100387462,1.2384338100387462,0.9899219076011159,0.9901918351067923,27.764657617366854,13.054237426923734,1.2181125653696776,1.4084792590653683,0.6157189786001019,0.5006729203102896,0.5924625910969764,0.028788151696092727,0.1375966003264074,1.5246874356355355,2.3986561448753734,0.00438282517753626,0.26736730121176994,0.9976298705249228,0.284408296804046,1035.1993684000336,130.57194983504553,0.0013667675375472754,2910.670816421509,1.149032536149025,0.011743145660875597,0.1348388671875,-1.036528468132019,-1.0538119077682495,-1.0256426334381104,135357.0001,0.16899395634125025,27339.298026932982,1.0,0.04763950196015524,6493.813393820622,0.9948914431673053,0.007980398785009502,965.1166581129401,1.0,-0.0019999999999999792,-244.2219999999983,1.0,-0.0012319677468755918,-142.50111405703555,1.0,-0.0005001058411167237,-64.9002457126962,1.0,-2.6488591645725072e-05,-3.0232572638924884,1.0,-0.005042073702299164,-365.23800578865325,1.0,0.0,-0.6168810129165649,0.0,0.0,-75.0,0.0,0.5747126436781609,93600.0,0.0009578544061302681,0.0,0.0,0.0,0.0,0.0,0.0,0.0,0.0,0.0
139264,34,3,3D_with_obstacles,3,3,100.0,0.0,0.0,0.0,822.1218778641297,1173.3333333333333,1.2298030834418359,1.2298030834418359,1.0962505331131382,0.9124769881459699,25.751553318733073,10.195212560100684,1.3216440753411771,1.5973735475602624,0.5916134094010287,0.5031266446685361,0.6806531771597775,0.25358827453542215,1.0271736356551304,1.5694176049040935,2.8478642277517996,0.005260925254664611,0.325564959633108,0.869156508547105,0.15821908120422692,1063.0957494999748,130.99854840497912,0.0006803831493016332,2907.5501840591432,1.1431426145136356,0.007462515243241796,0.090380859375,-1.0377057790756226,-1.0549553632736206,-1.026957631111145,139457.0001,0.1506285900444711,27869.51066388952,1.0,0.04632083411367613,6656.862729900762,0.8880681818181818,0.006688152876464028,988.6589562380934,0.8982954545454546,-0.001999999999999962,-251.26199999999818,1.0,-0.0011835708887731678,-146.6672835855171,1.0,-0.00050258362345584,-66.66934006726076,1.0,-3.233546963087311e-05,-3.1370781169931616,1.0,-0.006349304782186332,-387.58755862194914,1.0,0.0,-0.6168810129165649,0.0,-0.004261363636363636,-90.0,0.004261363636363636,0.5113636363636364,95400.0,0.0008522727272727272,0.0,0.0,0.0,0.0,0.0,0.0,0.0,0.0,0.0
143360,35,3,3D_with_obstacles,3,3,100.0,0.0,0.0,0.0,836.350719506831,1111.0,1.2409835433343195,1.2409835433343195,1.0007277968740917,0.9825653465634733,29.750010345509498,15.764056483117722,1.4202335405206163,1.6261745849430056,0.611787305930679,0.5023008438362496,0.6394104215924891,0.03501266536562693,0.30889252234009595,2.830703917615173,4.192824675517275,0.00713693594388666,0.4360823177075832,0.9906209029271974,0.19886797046380433,1090.8391632999992,131.42175750851143,-0.0030364460952114316,2820.8136262893677,1.1419465690851212,0.0018550652683188673,0.0236572265625,-1.0389900207519531,-1.05683434009552,-1.0272648334503174,143557.0001,0.15929507588352118,28400.441151809297,1.0,0.056629078792223383,6845.6074495152425,0.9966996699669967,0.007934624969239714,1015.1050612605694,1.0,-0.0019999999999999675,-257.92799999999806,1.0,-0.0012275622079460171,-150.75874842460118,1.0,-0.0005042587059746001,-68.3500343342741,1.0,-4.029587594593466e-05,-3.271384271520962,1.0,-0.007349741606845274,-412.08424739756447,1.0,0.0,-0.6168810129165649,0.0,0.0,-90.0,0.0,0.54005400540054,97200.0,0.0009000900090009,0.0,0.0,0.0,0.0,0.0,0.0,0.0,0.0,0.0
147456,36,3,3D_with_obstacles,3,3,100.0,0.0,0.0,0.0,845.8550862045182,1272.6666666666667,1.2442006001865031,1.2442006001865031,1.024454299668676,0.9636227021037858,33.264145817144616,13.679964415780809,1.4254312850478756,1.6812910737792592,0.6065555687868504,0.49847036041280396,0.6415330350251783,0.10706135752556678,0.8190350552976379,2.628035449793015,3.8859493598764794,0.0038778625717479525,0.20784461878191243,0.9645708571759047,0.23643430752985148,1148.0029573999345,128.4456621383338,-0.0018058569039567374,2809.3726482391357,1.140363512188196,0.007369710256170947,0.058984375,-1.0387041568756104,-1.0558876991271973,-1.0262781381607056,147657.0001,0.1394437425665095,28932.837360928228,1.0,0.05510755953833769,7056.008111832616,0.966212676794133,0.007717423768292754,1044.5701852079112,1.0,-0.0019999999999999536,-265.56399999999786,1.0,-0.001212862660958846,-155.38945806414205,1.0,-0.0004989078923712697,-70.2548646673476,1.0,-2.3302024774789155e-05,-3.360351402111107,1.0,-0.0037810973459635206,-426.5204770644532,1.0,0.0,-0.6168810129165649,0.0,-0.001571503404924044,-96.0,0.001571503404924044,0.4714510214772132,99000.0,0.000785751702462022,0.0,0.0,0.0,0.0,0.0,0.0,0.0,0.0,0.0
151552,37,3,3D_with_obstacles,4,4,100.0,0.0,0.0,0.0,826.5495443961125,997.5,1.2392201456053231,1.2392201456053231,1.006166090041288,0.976301818622904,32.78692230016225,16.182924103021477,1.4306310895418002,1.6599353099063967,0.6279551841964159,0.48919666364206166,0.6449231507449762,0.07196625309995928,0.6228101857063805,2.4931196891401326,3.887597880427402,0.005607862216209488,0.25928074318835914,0.9860434320150268,0.2135282813312682,1175.5733907000395,128.9175148050541,-0.0011964814795646817,3613.309830093384,1.1398456051945687,0.003184848492674064,0.036279296875,-1.0393160581588745,-1.0581752061843872,-1.0253115892410278,151758.0001,0.1772267908815885,29639.972256545767,1.0,0.055453003265637735,7277.265594862511,0.9967418546365915,0.007892340582446068,1076.060624131871,1.0,-0.001999999999999988,-273.5439999999978,1.0,-0.001257654995674777,-160.4075014968844,1.0,-0.0004890065662114693,-72.20600086653137,1.0,-3.276022744060908e-05,-3.4910647095991374,1.0,-0.004412217305144832,-444.1252241119811,1.0,0.0,-0.6168810129165649,0.0,-0.005263157894736842,-117.0,0.005263157894736842,0.6015037593984962,101400.0,0.0010025062656641604,0.0,0.0,0.0,0.0,0.0,0.0,0.0,0.0,0.0
155648,38,3,3D_with_obstacles,3,3,100.0,0.0,0.0,0.0,836.5452521923684,986.0,1.2331500943910452,1.2331500943910452,0.9929890149052575,0.9899823854543731,20.400398905136754,4.4676388148583435,1.5188439123025075,1.6801547769751135,0.6271151664148054,0.4876024497162445,0.6236720592362371,0.024121744963329448,0.23212455469375412,1.5704355749872871,2.327629725315884,0.0046689280112114815,0.2752859589330426,0.9952874293489505,0.21094898067447324,1202.9975721000228,129.38346976735104,-0.0026056503818836065,2776.1255111694336,1.1379413314163684,0.007091610723364283,0.0441650390625,-1.0399441719055176,-1.0590964555740356,-1.0252504348754883,155858.0001,0.1794566293716075,30170.80496622698,1.0,0.06094505162158072,7457.541057559147,0.9972954699121027,0.007963518041061322,1099.6167104973304,1.0,-0.001999999999999994,-279.4599999999978,1.0,-0.001253552181928333,-164.1155088510284,1.0,-0.0004869851018046721,-73.64650279766958,1.0,-2.705706645182273e-05,-3.571099512163629,1.0,-0.004693697795252979,-458.0091821903394,1.0,0.0,-0.6168810129165649,0.0,0.0,-117.0,0.0,0.6085192697768763,103200.0,0.0010141987829614604,0.0,0.0,0.0,0.0,0.0,0.0,0.0,0.0,0.0
159744,39,3,3D_with_obstacles,2,2,100.0,0.0,0.0,0.0,841.5200548565901,1350.0,1.244605535674221,1.244605535674221,0.9999288913445362,0.9862120629055668,22.081526519132257,3.062660400953126,1.3182482412370384,1.5199299166391176,0.6231982972159732,0.4909579916395813,0.6268793503780056,0.03396316025174268,0.13545252158952525,2.864768618170792,4.342588419618606,0.006260532376187351,0.48631040871609166,0.9947158876857267,0.23547768614045794,1230.728591699968,129.79628577520123,-0.0016293631488224491,1825.7600727558136,1.1386082671582698,0.002844448303949321,0.02421875,-1.0388904809951782,-1.0558384656906128,-1.026151418685913,159957.0001,0.13146852011906154,30525.76997054845,1.0,0.05200786715630566,7597.9622988811725,0.9955555555555555,0.007957716984899924,1121.1025463565602,1.0,-0.001999999999999944,-284.8599999999977,1.0,-0.0012463098494987937,-167.48054544467516,1.0,-0.0004908940640904214,-74.97191677071372,1.0,-3.75711510737559e-05,-3.67254162006277,1.0,-0.008755584857389325,-481.64926130529057,1.0,0.0,-0.6168810129165649,0.0,0.0,-117.0,0.0,0.4444444444444444,104400.0,0.0007407407407407407,0.0,0.0,0.0,0.0,0.0,0.0,0.0,0.0,0.0
163840,40,3,3D_with_obstacles,3,3,100.0,0.0,0.0,0.0,831.060648464509,1139.6666666666667,1.245010312882756,1.245010312882756,1.0287619239676398,0.9574027365362842,28.822465963602422,5.34880151009397,1.4415590124330306,1.7161575370921796,0.6242955968118716,0.48652857617572426,0.6981642966828727,0.1620876890173842,1.3230460867237799,2.0832955712222634,3.072688067296325,0.005774088849020337,0.4282473166656195,0.9447052873552285,0.1772652455422646,1258.342832299997,130.20299062739008,-0.0010592088452540337,2701.639957523346,1.1396543301641942,0.004626320425813901,0.028271484375,-1.0393930673599243,-1.0557985305786133,-1.0275877714157104,164057.0001,0.15542016002940734,31057.151497688992,1.0,0.05552606934455215,7787.805929970196,0.9707516817782977,0.007561413276466948,1146.9550183488006,1.0,-0.0019999999999999693,-291.6979999999976,1.0,-0.00125035136849403,-171.75549677355625,1.0,-0.0004868367318404365,-76.63641155687617,1.0,-3.474232307881095e-05,-3.7913256226692247,1.0,-0.007604403249672738,-507.64871601592165,1.0,0.0,-0.6168810129165649,0.0,-0.004387247733255338,-132.0,0.004387247733255338,0.5264697279906405,106200.0,0.0008774495466510676,0.0,0.0,0.0,0.0,0.0,0.0,0.0,0.0,0.0
167936,41,3,3D_with_obstacles,4,4,100.0,0.0,0.0,0.0,831.0272729408971,936.25,1.235372920520232,1.235372920520232,0.9850295858957036,0.9957706395425222,34.995624866553605,8.074220017176264,1.414770487442368,1.5968961792879632,0.6072962306241132,0.4964681519551176,0.6009441640710993,0.022617317307832414,0.09276119834596519,0.9019603925151518,1.3553728344602782,0.0038360425559038243,0.17334555379295716,0.9973269125121585,0.09513571854451632,1315.1456771999365,127.69383872176873,-0.0017716441478114575,3571.9826871871946,1.1384825132787229,0.00258537330373656,0.0201904296875,-1.0395063161849976,-1.0566400289535522,-1.0279762744903564,168158.0001,0.18857775919125028,31763.375205860226,1.0,0.056855319263815554,8000.729100613185,0.998931909212283,0.007979705454125883,1176.8390152745021,1.0,-0.0019999999999999888,-299.18799999999754,1.0,-0.0012131683572365827,-176.29881227140726,1.0,-0.0004959309594557734,-78.49367300003804,1.0,-2.2643944851245854e-05,-3.8761271961371406,1.0,-0.002922938708105202,-518.5951214777756,1.0,0.0,-0.6168810129165649,0.0,0.0,-132.0,0.0,0.6408544726301736,108600.0,0.001068090787716956,0.0,0.0,0.0,0.0,0.0,0.0,0.0,0.0,0.0
172032,42,3,3D_with_obstacles,3,3,100.0,0.0,0.0,0.0,827.618058546646,1050.6666666666667,1.2370641957315482,1.2370641957315482,1.0224914774324123,0.9621524427841591,26.191119972097823,7.363595439906263,1.4659375701488175,1.7508056774819714,0.610999962064579,0.5028227534328171,0.6614074339986155,0.11177399185250303,1.0710345306535423,2.3367144862204348,3.5041224277343734,0.005477631891919163,0.37579545304511025,0.968926415433502,0.2805530870888593,1343.018850499997,128.0935110746611,-0.0008874424383975565,2667.573502731323,1.137217616289854,0.004772622184827924,0.0350341796875,-1.0402706861495972,-1.0585381984710693,-1.0273737907409668,172258.0001,0.1683893616313454,32294.138473722225,1.0,0.05590352364664431,8176.937007147409,0.9682741116751269,0.007723663895578716,1201.1840038733662,1.0,-0.001999999999999974,-305.49199999999746,1.0,-0.0012220845691821903,-180.15082283346953,1.0,-0.0005037807266117171,-80.08158985031818,1.0,-3.379625358449117e-05,-3.982652987435457,1.0,-0.006856451190199334,-540.2066556292839,1.0,0.0,-0.6168810129165649,0.0,-0.004758883248730965,-147.0,0.004758883248730965,0.5710659898477157,110400.0,0.0009517766497461929,0.0,0.0,0.0,0.0,0.0,0.0,0.0,0.0,0.0
176128,43,3,3D_with_obstacles,3,3,100.0,0.0,0.0,0.0,835.48540728967,1077.0,1.2411446079420199,1.2411446079420199,1.0007007690034604,0.9817113795749105,35.8416870126039,9.268777902474566,1.3580385134837858,1.5822596110451368,0.5952490508817879,0.5035703082919456,0.603239804510454,0.03553289920782385,0.41285747878882145,2.6799397241137526,4.193210366226771,0.0033391739094275536,0.1153383502591755,0.9948308723652081,0.2590540602387686,1370.7438040999696,128.49082335677284,-0.0020076916727703063,2645.2280445098877,1.1349851660430432,0.006037191836367128,0.0485595703125,-1.040956974029541,-1.0600305795669556,-1.0284035205841064,176358.0001,0.16417744928239972,32824.59581235366,1.0,0.052000762576299854,8344.951471031434,0.995666976168369,0.007965525783708335,1226.9206176805278,1.0,-0.001999999999999972,-311.9539999999974,1.0,-0.0011897246247439648,-183.99482309601729,1.0,-0.0005027074691668613,-81.70583768319631,1.0,-1.9470715218899735e-05,-4.045562868307722,1.0,-0.0017824315931017519,-545.9656921065956,1.0,0.0,-0.6168810129165649,0.0,0.0,-147.0,0.0,0.5571030640668524,112200.0,0.0009285051067780873,0.0,0.0,0.0,0.0,0.0,0.0,0.0,0.0,0.0
180224,44,3,3D_with_obstacles,3,3,100.0,0.0,0.0,0.0,832.5545119335825,1121.6666666666667,1.2446263141249154,1.2446263141249154,1.037031848883004,0.9503833566408337,47.4289015129116,17.18708100177673,1.443668750701785,1.7411667899605392,0.6122317490409527,0.4777576747348052,0.6510061702519302,0.13647540396494706,1.0469884731745196,2.95699120314457,4.567886918125833,0.00537808834698648,0.31089135709450777,0.9550857995450684,0.24277227413308555,1399.5775598000037,128.7702841032644,0.00304292127257213,2616.761880016327,1.134121199697256,0.005068798606953351,0.03671875,-1.040810227394104,-1.0615503787994385,-1.025413155555725,180458.0001,0.15785702693095532,33355.78470797632,1.0,0.05553933595250106,8531.841336511601,0.9640416047548291,0.00763522356567989,1252.6131449790407,1.0,-0.0019999999999999736,-318.6839999999973,1.0,-0.0012239368005270306,-188.11337042979073,1.0,-0.0004771076770073129,-83.31130501632592,1.0,-3.207909813186752e-05,-4.153509033521456,1.0,-0.005511379425996633,-564.5114838750743,1.0,0.0,-0.6168810129165649,0.0,-0.004457652303120356,-162.0,0.004457652303120356,0.5349182763744428,114000.0,0.0008915304606240713,0.0,0.0,0.0,0.0,0.0,0.0,0.0,0.0,0.0
184320,45,3,3D_with_obstacles,3,3,100.0,0.0,0.0,0.0,825.362481556385,946.3333333333334,1.2379102439973997,1.2379102439973997,0.9924402635362185,0.9875597664918736,33.363063004439546,17.375146898357333,1.3417730870169242,1.5535202792272702,0.5960360371759018,0.47526586215316263,0.6066523473710641,0.03079543285904809,0.1285946434634296,1.8396883329421219,2.7172647917214583,0.005582389328728856,0.2872522663442583,0.9946366141805488,0.1900900867851473,1427.838690900011,129.09021248318842,-0.0006571510108187795,2603.950374698639,1.1342725567519665,0.0023034417306917023,0.01552734375,-1.0408515930175781,-1.060080885887146,-1.0254875421524048,184558.0001,0.18640064257878325,33884.97613225749,1.0,0.05285649933371069,8681.900938120007,0.995420922860162,0.007956398170854929,1275.201359386098,1.0,-0.001999999999999987,-324.36199999999724,1.0,-0.001192006853171278,-191.497477885944,1.0,-0.0004745345983925557,-84.65850874116238,1.0,-3.301718527602529e-05,-4.247244822520092,1.0,-0.005371168952970874,-579.7602325325586,1.0,0.0,-0.6168810129165649,0.0,0.0,-162.0,0.0,0.6340260655160268,115800.0,0.0010567101091933778,0.0,0.0,0.0,0.0,0.0,0.0,0.0,0.0,0.0
188416,46,3,3D_with_obstacles,3,3,100.0,0.0,0.0,0.0,832.1039894021243,1090.0,1.244878713627358,1.244878713627358,1.0137209862457297,0.968701673590309,27.76129446761331,11.894237508652438,1.338551617419859,1.5980093762793972,0.5934644046309049,0.502074004925762,0.6349688799859424,0.0632800638175796,0.4194090347910153,2.764655312442329,4.287604410060227,0.005016914292956683,0.3138760925212924,0.9888055315355105,0.29459133142577093,1485.4787848000415,126.8385667489438,-0.0005540041660424322,2558.2647539138793,1.131923995912075,0.004081830450013512,0.025537109375,-1.0425093173980713,-1.061316967010498,-1.0284397602081299,188658.0001,0.1620743181599312,34414.95915264047,1.0,0.05219917960797802,8852.592255438094,0.9944954128440368,0.007925975079849741,1301.1192978972065,1.0,-0.001999999999999967,-330.90199999999714,1.0,-0.0011895500452995353,-195.38730653407347,1.0,-0.0005043449834487207,-86.30771683703969,1.0,-3.00622298198538e-05,-4.3455483140310145,1.0,-0.0055360757707282795,-597.86320030284,1.0,0.0,-0.6168810129165649,0.0,0.0,-162.0,0.0,0.5504587155963303,117600.0,0.0009174311926605505,0.0,0.0,0.0,0.0,0.0,0.0,0.0,0.0,0.0
192512,47,3,3D_with_obstacles,3,3,100.0,0.0,0.0,0.0,839.5507898370284,1216.6666666666667,1.2385494786055953,1.2385494786055953,1.0090141087378683,0.9756589650169194,32.272597799250306,9.463700210763527,1.3325992106549087,1.547658299897835,0.6012807097767819,0.48238148052122826,0.6055876291496812,0.038449679269005256,0.2016682353330029,3.7856781375687674,5.610321752993987,0.004703237288530163,0.2767942640480579,0.9962142301041599,0.2807259184737317,1512.910253399983,127.24614666822785,-0.0016592473082710057,2546.370118522644,1.126797005534172,0.0027330497665388974,0.0177001953125,-1.0443013906478882,-1.0646008253097534,-1.0291876792907715,192758.0001,0.14563868885685075,34946.54036696797,1.0,0.05215060394167215,9042.941959825197,0.9936986301369863,0.00796861035479071,1330.2047256921926,1.0,-0.001999999999999962,-338.201999999997,1.0,-0.0012028028697362299,-199.77753700861072,1.0,-0.0004835414068606264,-88.07264297208098,1.0,-2.8910933120674665e-05,-4.451073219921477,1.0,-0.005151587803572519,-616.6664957858798,1.0,0.0,-0.6168810129165649,0.0,0.0,-162.0,0.0,0.4931506849315068,119400.0,0.0008219178082191781,0.0,0.0,0.0,0.0,0.0,0.0,0.0,0.0,0.0
196608,48,3,3D_with_obstacles,3,3,100.0,0.0,0.0,0.0,840.4554000851044,1315.0,1.2376559691958648,1.2376559691958648,0.9897225589151243,0.9950340562176953,29.694380959078742,5.264618881535902,1.2335404387184523,1.4272213457736858,0.6064576231475449,0.4950036040307852,0.6080044547121884,0.03289339904454553,0.1362323143972429,1.5526239632750818,2.4763968745068285,0.004729257240781898,0.2943571521998468,0.996631564300268,0.23891227632049292,1540.3919723000145,127.63504584254457,-0.00014613232924602925,2523.457422828674,1.1237000696361066,0.0031518851468717913,0.021875,-1.0443865060806274,-1.065948724746704,-1.0284242630004883,196858.0001,0.13480076682543432,35478.32939209431,1.0,0.04917862075056067,9236.951618686158,0.9959442332065906,0.007972558782620013,1361.6564700896286,1.0,-0.0019999999999999484,-346.0919999999968,1.0,-0.00121319181760124,-204.5635787290476,1.0,-0.0004941359749781231,-90.02200939336969,1.0,-2.869599658460182e-05,-4.564278926447731,1.0,-0.005360105014238463,-637.8121100670505,1.0,0.0,-0.6168810129165649,0.0,0.0,-162.0,0.0,0.45627376425855515,121200.0,0.0007604562737642585,0.0,0.0,0.0,0.0,0.0,0.0,0.0,0.0,0.0
200704,49,3,3D_with_obstacles,4,4,100.0,0.0,0.0,0.0,833.9574469404167,938.75,1.2296451382821427,1.2296451382821427,0.9918986626917203,0.9895342449487781,24.18670578657542,2.7963402463781772,1.463538255721099,1.6420794860066779,0.5892266776578831,0.49892722115492255,0.5892810351464872,0.025226440396537642,0.1614596543252549,1.9197509881994526,2.870346590020803,0.0035419843417170086,0.08264400149972922,0.9986856057364089,0.24597015767642955,1567.8637158999918,128.01112619969717,-0.00036010327748954297,3348.9554405212402,1.1242190606892108,0.0036841294357145673,0.0239990234375,-1.0439552068710327,-1.0638474225997925,-1.0274370908737183,200959.0001,0.18819222059970947,36184.99118044622,1.0,0.05816297037380678,9455.353572439803,0.9962716378162451,0.007990047099221487,1391.6590969472052,1.0,-0.0019999999999999922,-353.6019999999968,1.0,-0.001177447120299174,-208.984892665771,1.0,-0.0004985969759621531,-91.89424103810757,1.0,-2.094129101718453e-05,-4.642913474217258,1.0,-0.00142593903388337,-643.1665111392825,1.0,0.0,-0.6168810129165649,0.0,0.0,-162.0,0.0,0.6391478029294274,123600.0,0.0010652463382157123,0.0,0.0,0.0,0.0,0.0,0.0,0.0,0.0,0.0
204800,50,3,3D_with_obstacles,3,3,100.0,0.0,0.0,0.0,834.6743237061546,1134.0,1.2426147145593451,1.2426147145593451,1.0069075865331154,0.9766482002280125,32.88647062365129,9.626049445106855,1.4024597810423558,1.5963947570279622,0.6003376263694197,0.4920978579652069,0.6411907957256977,0.05397927255532059,0.6748813400170012,3.3188144313802646,4.90573362541495,0.006099845118649835,0.4180016415750747,0.9891845754547431,0.21952920224962935,1596.0816914000316,128.31423422967532,-0.0010525093297474087,2405.456685256958,1.1229387022554875,0.0056339132745051755,0.0447998046875,-1.0453907251358032,-1.0637164115905762,-1.0297133922576904,205059.0001,0.15608665981734032,36715.99799714481,1.0,0.05419486584996663,9639.72450606139,0.9970605526161082,0.007920092981822089,1418.6032532713639,1.0,-0.0019999999999999614,-360.40599999999665,1.0,-0.001203446261102946,-213.07901684604323,1.0,-0.0004937549361627406,-93.57399533093322,1.0,-3.7025817431269936e-05,-4.7688753051184385,1.0,-0.00752354356904007,-668.7616063611569,1.0,0.0,-0.6168810129165649,0.0,0.0,-162.0,0.0,0.5291005291005291,125400.0,0.0008818342151675485,0.0,0.0,0.0,0.0,0.0,0.0,0.0,0.0,0.0
208896,51,3,3D_with_obstacles,2,2,100.0,0.0,0.0,0.0,835.2575638578268,1176.0,1.2443735205799302,1.2443735205799302,0.9949476921358331,0.9888423848296914,47.59645017488955,27.63677083257296,1.3270173243085228,1.504875726600662,0.6099211698733202,0.49518877994575894,0.6250116996223998,0.04841014051100138,1.3572610609575169,1.5368831814692079,2.2039530654364254,0.0051976401117814295,0.3490456891779483,0.9909235881026365,0.20634721736230288,1653.966352700023,126.30003002115915,0.00086828384664841,1642.7452502250671,1.114491981267929,0.005123257252125768,0.0291015625,-1.0501352548599243,-1.0662628412246704,-1.0359406471252441,209158.0001,0.1505844367160325,37070.17259230092,1.0,0.05151085267871378,9760.878031561724,0.9961734693877551,0.00793403938644701,1437.2641139082873,1.0,-0.0019999999999999684,-365.1099999999966,1.0,-0.001223674744539054,-215.95709984519908,1.0,-0.0004968047413571504,-94.74248008260523,1.0,-3.153053105202207e-05,-4.843035114152794,1.0,-0.006228369905549219,-683.4107323790087,1.0,0.0,-0.6168810129165649,0.0,0.0,-162.0,0.0,0.5102040816326531,126600.0,0.0008503401360544217,0.0,0.0,0.0,0.0,0.0,0.0,0.0,0.0,0.0
212992,52,3,3D_with_obstacles,4,3,75.0,25.0,0.0,0.0,617.3084186969849,1000.25,9.49949884095958,9.49949884095958,0.9013344283543744,0.9926250804921624,26.550812493684038,-0.002526456582547798,1.3171680831571244,1.4821815167953212,0.5978993074661596,0.4827381018780771,0.6206133795015526,0.03190301900162114,0.1326852845949138,1.4742912747119488,2.3488367850410055,0.005678360553415212,0.3579573585201665,0.9959508778880213,0.2020463383459894,1681.1633914000122,126.69321797605166,-0.0016000080155208706,2411.4668952941893,1.1065499491989612,0.003082859607093269,0.02685546875,-1.0500118732452393,-1.065056562423706,-1.0358062982559204,213259.0001,0.1609107272565739,37713.97641205447,1.0,0.05142896036351309,9966.64530197614,0.9965008747813047,0.007967161605889051,1469.1407274934495,1.0,-0.0019999999999999827,-373.11199999999656,1.0,-0.0011961468983582657,-220.7428835855305,1.0,-0.0004820162016428539,-96.67102690537828,1.0,-3.4686542458444035e-05,-4.981815970529029,1.0,-0.00667818215319661,-710.1301391739484,1.0,-0.0026592128844715244,-11.256391763687134,0.006748312921769558,0.0,-162.0,0.0,0.4498875281179705,128400.0,0.0007498125468632841,-0.039990002499375156,-160.0,0.00024993751562109475,0.0,0.0,0.0,0.0,0.0,0.0
217088,53,3,3D_with_obstacles,4,4,100.0,0.0,0.0,0.0,837.8027709456412,1022.5,1.2320479392180377,1.2320479392180377,0.9939519076479669,0.9894237620441841,30.60365677457243,7.6012165903175095,1.4928946067499613,1.665463231782024,0.6116265876846103,0.5009318301540667,0.6253779122102238,0.02770794819361236,0.19240979157824212,1.940573833448714,2.877219068436094,0.004520511923478198,0.25473939705797805,0.9951673290460612,0.17055731396122922,1708.3955885999603,127.07127169410735,0.0004915497731417418,3236.7707443237305,1.1056642070412637,0.008777078809362137,0.0460693359375,-1.050930380821228,-1.0666309595108032,-1.035117745399475,217360.0001,0.17311975993670925,38422.03623019561,1.0,0.05953414113447585,10210.139939216146,0.9975550122249389,0.007964771425279722,1501.7166426228437,1.0,-0.001999999999999984,-381.2919999999965,1.0,-0.001224312467969188,-225.7503215795245,1.0,-0.0004994765840486445,-98.71388613413724,1.0,-2.619420588604859e-05,-5.088950272602967,1.0,-0.004298742103459451,-727.7119943770975,1.0,0.0,-11.256391763687134,0.0,0.0,-162.0,0.0,0.58679706601467,130800.0,0.0009779951100244498,0.0,-160.0,0.0,0.0,0.0,0.0,0.0,0.0,0.0
221184,54,3,3D_with_obstacles,4,3,75.0,25.0,0.0,0.0,602.7436641644948,885.5,12.705758554396374,12.705758554396374,0.8546815427174967,0.9756957973914598,29.148481016110626,-0.0371033610508098,1.4988059401632077,1.7016742589661558,0.6096300532660677,0.47204721621581935,0.6524338249671708,0.0788595335415695,0.847548986195635,1.9452589207223263,3.043588154609626,0.005774105531949251,0.31792709701037175,0.9809511371892075,0.2655550362706701,1735.3336804000428,127.45906017856515,-0.001696133561199531,2422.497146987915,1.105010462552309,0.008835713981534354,0.0834716796875,-1.0503549575805664,-1.0624184608459473,-1.0359611511230469,221461.0001,0.1691754089950901,39021.25552885622,1.0,0.057477819469468006,10413.726375777002,0.9745906267645398,0.007809645236159176,1529.3784060493194,1.0,-0.0019999999999999823,-388.37599999999645,1.0,-0.001225581151189284,-230.09133001703694,1.0,-0.0004701877355856638,-100.37929109358166,1.0,-3.5787458034164614e-05,-5.215709448959979,1.0,-0.00645414089610777,-750.5725614311112,1.0,-0.003222784405034656,-22.671494126319885,0.007622811970638058,-0.0033879164313946925,-174.0,0.0033879164313946925,0.5081874647092038,132600.0,0.0008469791078486731,-0.04517221908526256,-320.0,0.000282326369282891,0.0,0.0,0.0,0.0,0.0,0.0
225280,55,3,3D_with_obstacles,3,3,100.0,0.0,0.0,0.0,837.01782370641,1136.6666666666667,1.2392434149687432,1.2392434149687432,0.9906547316094577,0.9921836332851871,26.898829762417588,12.017590249456955,1.365863703961576,1.5253642710032504,0.6017223718993888,0.4890559083648351,0.613137089679865,0.028680878408453014,0.10527377803010933,1.5063443206156573,2.2258104567441737,0.004144213563619788,0.2884367845378111,0.9958438571502035,0.13876496869195587,1762.3538530999795,127.82903932926557,-0.0009724325442221016,2463.2908195495606,1.105397492647171,0.0024188163253711535,0.024755859375,-1.050817847251892,-1.0615116357803345,-1.0372049808502197,225561.0001,0.1556518895110561,39552.028472088925,1.0,0.05436982549730934,10599.127480722826,0.9976539589442815,0.007963660377387645,1556.5344879362112,1.0,-0.0019999999999999584,-395.19599999999633,1.0,-0.0012045906465500595,-234.19898412177264,1.0,-0.0004894249918641207,-102.04823031583831,1.0,-2.6294472026945687e-05,-5.3053735985718635,1.0,-0.005744985768206548,-770.1629629006956,1.0,0.0,-22.671494126319885,0.0,0.0,-174.0,0.0,0.5278592375366569,134400.0,0.0008797653958944282,0.0,-320.0,0.0,0.0,0.0,0.0,0.0,0.0,0.0
229376,56,3,3D_with_obstacles,3,3,100.0,0.0,0.0,0.0,853.2595114119941,1312.0,1.2384344720327916,1.2384344720327916,0.9899411884916912,0.9970353073339431,28.69001448845692,12.667343833004452,1.4554633504923593,1.6051372723048083,0.6103021795341986,0.4872489637171756,0.6151667804502419,0.02685992770743335,0.17028584897696217,1.3330315674576474,2.0405897810423785,0.0037334434118661114,0.21391447054786247,0.9983733055276729,0.1394972604369631,1816.3304561999394,126.28538998343514,-0.0014047360164113343,2392.7004155158997,1.103986319899559,0.004160177363883122,0.0315185546875,-1.0510482788085938,-1.058813452720642,-1.0363128185272217,229661.0001,0.1354123361604976,40085.01142721665,1.0,0.05742896486316794,10825.167886424255,0.9984756097560976,0.007986598120930147,1587.9697381401922,1.0,-0.0019999999999999484,-403.0679999999961,1.0,-0.001221164381369935,-239.0054871268447,1.0,-0.0004893521666727919,-103.97432044386242,1.0,-2.2811396634766066e-05,-5.395159255726303,1.0,-0.00406140701394718,-786.1486609075916,1.0,0.0,-22.671494126319885,0.0,0.0,-174.0,0.0,0.4573170731707317,136200.0,0.0007621951219512195,0.0,-320.0,0.0,0.0,0.0,0.0,0.0,0.0,0.0
233472,57,3,3D_with_obstacles,3,3,100.0,0.0,0.0,0.0,837.5943382391342,1263.3333333333333,1.241506768875257,1.241506768875257,1.0008402862502452,0.9838407574917786,32.17273900263518,11.202282916161133,1.277721256361872,1.4638544290515678,0.5857918874160672,0.4972486587767931,0.6078482377938719,0.029154300665665347,0.14870413727005247,3.010805467128011,4.591558040267472,0.005455891193600913,0.38275416356524206,0.9958943799125398,0.27759585928441727,1845.8253713999875,126.48650496277472,-0.0006231663748621941,2358.932150268555,1.1041385255753995,0.005094133536476875,0.0466796875,-1.0506473779678345,-1.0624301433563232,-1.0333690643310547,233761.0001,0.14026917580785084,40616.6316035284,1.0,0.0503694621186181,11016.068147853817,0.9944591029023747,0.0079675891382838,1618.166900974288,1.0,-0.001999999999999955,-410.64799999999593,1.0,-0.0011717097950104671,-243.44626724993438,1.0,-0.000496975259061538,-105.85785667570565,1.0,-3.2664320535163723e-05,-5.518957030554573,1.0,-0.006835480667084367,-812.0551326358413,1.0,0.0,-22.671494126319885,0.0,0.0,-174.0,0.0,0.47493403693931396,138000.0,0.0007915567282321899,0.0,-320.0,0.0,0.0,0.0,0.0,0.0,0.0,0.0
237568,58,3,3D_with_obstacles,3,3,100.0,0.0,0.0,0.0,849.7314915657065,1176.3333333333333,1.2403606878629987,1.2403606878629987,0.9957686149665382,0.9895748845188036,32.31882331668208,2.4045336855417574,1.475007177989066,1.6664475091390667,0.5961732718474299,0.4807913513540772,0.5952025974145349,0.02898287520224065,0.14836263479598047,2.3391984917080366,3.6074163199428617,0.0027054804513535805,0.0284553997186527,0.9986631560207441,0.1901196580316188,1874.9673584999982,126.70513911775933,-0.001354083331534639,2344.7500804901124,1.102737133204937,0.003859775520322728,0.044140625,-1.0524688959121704,-1.0621904134750366,-1.0358490943908691,237861.0001,0.15077364611691857,41148.71180067501,1.0,0.05775049942166098,11219.86966031286,0.9965996032870501,0.007989206997763225,1646.3608124693944,1.0,-0.0019999999999999606,-417.7059999999958,1.0,-0.0011939311986184766,-247.659650449859,1.0,-0.00048184767216391945,-107.55829711077212,1.0,-1.6266602381603013e-05,-5.576361870359251,1.0,-0.0005247713031563957,-813.9070505646803,1.0,0.0,-22.671494126319885,0.0,0.0,-174.0,0.0,0.5100595069424766,139800.0,0.000850099178237461,0.0,-320.0,0.0,0.0,0.0,0.0,0.0,0.0,0.0
241664,59,3,3D_with_obstacles,3,3,100.0,0.0,0.0,0.0,831.0045428548252,1138.0,1.2375892548571616,1.2375892548571616,1.0027527838449173,0.9800835941493551,24.470800448658224,15.558140667500918,1.2636851310698793,1.4982173559949106,0.5895969486377242,0.4980320011398565,0.591488266543099,0.034415441105564236,0.13826275813125952,2.6570280015175918,4.011433405934871,0.0051290653513133755,0.3313060993033347,0.9975585341182142,0.30320460316872655,1902.085368399974,127.0521313158971,-0.0019641724415123464,2308.078084754944,1.0959752388298512,0.008888862587627954,0.058251953125,-1.0549652576446533,-1.0657391548156738,-1.0351245403289795,241961.0001,0.15541104101163475,41679.285094688734,1.0,0.04934909736902033,11388.347478730695,0.9926772114821324,0.007980417715487931,1673.6059585500702,1.0,-0.0019999999999999745,-424.53399999999573,1.0,-0.0011798022414491345,-251.68749530216633,1.0,-0.0004988828256372859,-109.26148307749781,1.0,-3.124077011503835e-05,-5.683017859531992,1.0,-0.006038940579833088,-834.5239937042304,1.0,0.0,-22.671494126319885,0.0,0.0,-174.0,0.0,0.5272407732864675,141600.0,0.0008787346221441124,0.0,-320.0,0.0,0.0,0.0,0.0,0.0,0.0,0.0
245760,60,3,3D_with_obstacles,3,3,100.0,0.0,0.0,0.0,837.1429835617155,1023.6666666666666,1.2299947472057855,1.2299947472057855,0.9906240789560535,0.9933921157666042,32.35346671281881,6.729215959846302,1.5163543621675624,1.6621334241667653,0.6140655537749149,0.4741041334452358,0.6216430546436476,0.026116963174454392,0.11317504406873609,1.5172675628868622,2.3417258673910317,0.005042143392905137,0.3136600538465051,0.9965238993180344,0.12162214673798181,1929.0729542999761,127.39798121796883,-0.0009787329327082261,2292.4461988449098,1.0879379212856293,0.003993722390805488,0.0318603515625,-1.057757019996643,-1.0713095664978027,-1.0362180471420288,246061.0001,0.17303741994279612,42210.68301133306,1.0,0.060186574867062644,11573.180450147443,0.9986974926733962,0.007971049270274838,1698.0850508590843,1.0,-0.0019999999999999857,-430.67599999999567,1.0,-0.0012291551603514422,-255.4622307996056,1.0,-0.0004729758983084314,-110.713992061203,1.0,-3.123036307647198e-05,-5.778926304539837,1.0,-0.005801327502048911,-852.3398704630226,1.0,0.0,-22.671494126319885,0.0,0.0,-174.0,0.0,0.5861282969716705,143400.0,0.0009768804949527841,0.0,-320.0,0.0,0.0,0.0,0.0,0.0,0.0,0.0
249856,61,3,3D_with_obstacles,3,3,100.0,0.0,0.0,0.0,836.5146846606863,1190.6666666666667,1.240853566374714,1.240853566374714,0.9958334283480696,0.986695788178725,33.86260219499365,13.978564702633127,1.3249091497922734,1.5323903330283741,0.6036746334685942,0.4826274926662621,0.6114088355795203,0.039557513716185516,0.2521853275846155,1.9511481837846898,3.1587602996364628,0.00537648448737823,0.2619092053441004,0.9952210398850116,0.24601728752510751,1984.0365307000466,125.93316510751993,-0.0030878404533723368,2267.495549964905,1.080112673342228,0.01039281872435822,0.0750732421875,-1.0600123405456543,-1.0744308233261108,-1.037380576133728,250161.0001,0.14853360199057447,42741.24503764339,1.0,0.05045460448001784,11753.404297350067,0.9963605823068309,0.007970953652163196,1726.5572973046112,1.0,-0.0019999999999999493,-437.8199999999955,1.0,-0.0012048325422976056,-259.76589264069264,1.0,-0.00048292291384547655,-112.43899270945904,1.0,-3.078645657407176e-05,-5.888895527422421,1.0,-0.004600065583482248,-868.7713047272213,1.0,0.0,-22.671494126319885,0.0,0.0,-174.0,0.0,0.503919372900336,145200.0,0.0008398656215005599,0.0,-320.0,0.0,0.0,0.0,0.0,0.0,0.0,0.0
253952,62,3,3D_with_obstacles,3,3,100.0,0.0,0.0,0.0,838.6507800401406,1097.0,1.2320475938894067,1.2320475938894067,0.9935438089610713,0.9899900764580366,41.34942951038323,19.24696358782404,1.4422087140576292,1.6367493504695096,0.6205530229742372,0.4629755566588765,0.6305898173080333,0.039837131003194505,0.19633838113363863,2.222465137623337,3.4261169530468707,0.00540693349283432,0.3755826996052412,0.993325336451695,0.19837668857767168,2011.0093139000237,126.28086714700571,-0.0012236348149599508,2224.310496520996,1.0749416001141072,0.006725088717212202,0.0468017578125,-1.0613206624984741,-1.0753095149993896,-1.039885401725769,254261.0001,0.16139222613447957,43272.38685385197,1.0,0.05808327445413416,11944.556353578622,0.9963536918869644,0.007951617171651786,1752.7260694165172,1.0,-0.001999999999999973,-444.40199999999544,1.0,-0.0012428744710200517,-263.8561925248196,1.0,-0.00046544241828727097,-113.97076370804245,1.0,-3.106942726529752e-05,-5.991145012552515,1.0,-0.0061391625830360605,-888.9752887879929,1.0,0.0,-22.671494126319885,0.0,0.0,-174.0,0.0,0.5469462169553327,147000.0,0.0009115770282588879,0.0,-320.0,0.0,0.0,0.0,0.0,0.0,0.0,0.0
258048,63,3,3D_with_obstacles,3,3,100.0,0.0,0.0,0.0,835.5456751246758,1147.3333333333333,1.2397421178070205,1.2397421178070205,1.009036771014964,0.976602696176403,26.636718177769215,8.14574595510173,1.4875553801248957,1.7174423509882375,0.6291185193372719,0.46960241747325515,0.6564288091237348,0.0623436103918894,1.1067865608434513,2.9438479710010164,4.141595728127562,0.005982681282987874,0.4244987432442124,0.9890583076990657,0.20477334514224302,2037.841730199987,126.62808704711136,0.0007420056354021654,2167.7402935028076,1.0674860261380672,0.0038777457964897623,0.04892578125,-1.065148949623108,-1.0816024541854858,-1.0469931364059448,258361.0001,0.15458269849266293,43804.46050206371,1.0,0.058087323944760294,12144.492922596488,0.9962231260894828,0.007910983799799468,1779.955675655427,1.0,-0.0019999999999999727,-451.28599999999534,1.0,-0.001258125875193089,-268.18666178723424,1.0,-0.00046967195400048593,-115.58737457371213,1.0,-3.623685329271493e-05,-6.1158722615860395,1.0,-0.007741717233403596,-915.622279505368,1.0,0.0,-22.671494126319885,0.0,-0.0037768739105171413,-187.0,0.0037768739105171413,0.5229517722254503,148800.0,0.0008715862870424172,0.0,-320.0,0.0,0.0,0.0,0.0,0.0,0.0,0.0
262144,64,3,3D_with_obstacles,3,3,100.0,0.0,0.0,0.0,830.5139677805927,1222.6666666666667,1.2375082212982997,1.2375082212982997,1.066111442392195,0.9302001396169232,24.17208417038826,9.528673429391521,1.2931986469693852,1.5265696469227432,0.6439917618798408,0.46798738461148764,0.7965201545170059,0.24492018567505602,1.1285201689246687,2.8316832687470517,4.78581572306773,0.008021716159271502,0.5411235294493079,0.9484058257433882,0.1843835022310024,2065.412952200044,126.92086573814139,0.0009556019387673587,2192.504592895508,1.0605931743979453,0.008319573438348016,0.0455322265625,-1.0653811693191528,-1.0822014808654785,-1.0423201322555542,262461.0001,0.1446410585833712,44335.003904947516,1.0,0.049268822044162386,12325.210961854476,0.9964558342420938,0.007649757797556311,1808.0149872568636,1.0,-0.001999999999999961,-458.6219999999952,1.0,-0.0012866806680658554,-272.9062064776998,1.0,-0.000467488501502585,-117.30212239722361,1.0,-4.604240062665872e-05,-6.284755787084624,1.0,-0.009225647317877905,-949.4619538673442,1.0,0.0,-22.671494126319885,0.0,0.0,-187.0,0.0,0.49073064340239914,150600.0,0.0008178844056706652,0.0,-320.0,0.0,0.0,0.0,0.0,0.0,0.0,0.0
266240,65,3,3D_with_obstacles,3,3,100.0,0.0,0.0,0.0,837.1884789697937,1240.0,1.2425209017624435,1.2425209017624435,1.0798283092380174,0.920970968255281,27.53642697682122,7.187320345687517,1.3528953225599991,1.6371762148016504,0.6226392579973575,0.46136766132492674,0.7094402068697674,0.238363498983421,1.1847757288953347,2.622329095583462,4.091801798869443,0.005882710100767178,0.31721411912734115,0.9272483203159068,0.1903783923920205,2093.7026391000254,127.16227941253531,-0.0006627408933127299,2178.8253671646116,1.0610060594975947,0.009732971069024644,0.0866943359375,-1.065449833869934,-1.0838828086853027,-1.0430998802185059,266561.0001,0.14277407476940887,44866.123463089716,1.0,0.0507098579948864,12513.851633595454,0.9489247311827957,0.007420844283012529,1835.62052798967,0.9760752688172043,-0.0019999999999999584,-466.061999999995,1.0,-0.001245642518444596,-277.5399966463137,1.0,-0.0004613196984093677,-119.01823167530647,1.0,-3.5897040187116586e-05,-6.418292776580698,1.0,-0.005880886363013853,-971.3388511377557,1.0,0.0,-22.671494126319885,0.0,0.0,-187.0,0.0,0.4838709677419355,152400.0,0.0008064516129032258,0.0,-320.0,0.0,0.0,0.0,0.0,0.0,0.0,0.0
270336,66,3,3D_with_obstacles,4,4,100.0,0.0,0.0,0.0,828.8449348563952,921.5,1.2318915938018455,1.2318915938018455,0.9872105145968454,0.9931884284104197,30.05376723102824,9.445855437195604,1.409308709321094,1.6033133584318917,0.627712842652513,0.44841709264543195,0.5986507162427684,0.029094873505571935,0.13539017628427263,1.4969539356699297,2.2651654616819297,0.0037727429190362637,0.1383704777225232,0.9980987513349713,0.18448333263575847,2156.0426038999576,125.38527741103202,-0.0008670424926094711,2879.77130317688,1.0594791904091836,0.0066173278741189275,0.046142578125,-1.0661269426345825,-1.0820374488830566,-1.0442060232162476,270662.0001,0.19151299610029046,45572.04036671539,1.0,0.05517144534082396,12717.21358112173,0.9972870320130223,0.007984142437269635,1865.050077013446,1.0,-0.0019999999999999875,-473.43399999999497,1.0,-0.0012540734583583707,-282.16251141382264,1.0,-0.0004510412860839515,-120.68076985581192,1.0,-2.2856020428202505e-05,-6.502540067879052,1.0,-0.002601020214549516,-980.9262116485852,1.0,0.0,-22.671494126319885,0.0,0.0,-187.0,0.0,0.6511123168746609,154800.0,0.0010851871947911015,0.0,-320.0,0.0,0.0,0.0,0.0,0.0,0.0,0.0
274432,67,3,3D_with_obstacles,3,3,100.0,0.0,0.0,0.0,834.7373500146197,1067.0,1.2456483495308008,1.2456483495308008,0.9974132119863984,0.9861912454929745,23.76585051957231,1.4579339299741827,1.4616998255510938,1.6621202696496988,0.632251658266473,0.4582978406069225,0.6316181440329115,0.04454726022382471,0.34927506320192486,2.2195624744719926,3.24373632598672,0.0051249686675677066,0.4023437536212084,0.9954139433111023,0.21121161972117183,2184.209422899992,125.64362973749763,-0.000516333186533302,2126.9517206192018,1.0567390687763691,0.008669306134106592,0.0643310546875,-1.0674291849136353,-1.0800191164016724,-1.0503796339035034,274762.0001,0.1659316670675902,46103.18763299874,1.0,0.057202586559699224,12900.319060699328,0.9962511715089035,0.007964621976154633,1890.5448319591171,1.0,-0.001999999999999976,-479.8359999999949,1.0,-0.0012668597923119807,-286.2177296090133,1.0,-0.0004603322404439312,-122.15429335747294,1.0,-3.083249922124486e-05,-6.601234897886257,1.0,-0.007282765947235831,-1004.2383454456871,1.0,-6.056870940475678e-05,-22.86537456512451,0.0043736332396126214,0.0,-187.0,0.0,0.5623242736644799,156600.0,0.0009372071227741331,0.0,-320.0,0.0,0.0,0.0,0.0,0.0,0.0,0.0
278528,68,3,3D_with_obstacles,3,3,100.0,0.0,0.0,0.0,818.9099911675604,1114.6666666666667,1.2363028032115577,1.2363028032115577,1.0619808656318872,0.9303593366978914,32.28964827499793,19.331116456274188,1.2993727046048285,1.6303994874134078,0.6211553006701934,0.4656590076230498,0.6850589849705266,0.23381281717095823,1.4136114395288455,2.409452841570713,3.781003800469115,0.006850194791722357,0.38989012350393387,0.9206593988747658,0.2103428999906579,2211.0652873000363,125.97004783161087,-0.00037971356359776107,2059.670343017578,1.0520571939647199,0.010693753373197978,0.075927734375,-1.0691660642623901,-1.0822842121124268,-1.052625060081482,278862.0001,0.15849122965745405,46633.18230497327,1.0,0.04929716049021485,13065.168765378607,0.9431818181818182,0.007397466582570008,1915.2819602112313,0.9688995215311005,-0.0019999999999999784,-486.5239999999948,1.0,-0.0012430655113961672,-290.3745406791221,1.0,-0.00046550326464005247,-123.71093627442927,1.0,-4.2221861033078334e-05,-6.742424801180871,1.0,-0.007269404160549656,-1028.547232958565,1.0,0.0,-22.86537456512451,0.0,-0.00777511961722488,-213.0,0.00777511961722488,0.5382775119617225,158400.0,0.0008971291866028708,0.0,-320.0,0.0,0.0,0.0,0.0,0.0,0.0,0.0
282624,69,3,3D_with_obstacles,3,3,100.0,0.0,0.0,0.0,827.0310762500094,1176.0,1.24569895898997,1.24569895898997,1.0670589481839408,0.9297849894882261,30.76454467490541,12.007195392530264,1.2970003483796135,1.50060427681292,0.61908957671457,0.46277830666416087,0.8071794346725122,0.25000312797255064,1.2148439380516034,2.2707791778075825,4.243182082090399,0.008693774688920956,0.591974074553228,0.9480460324134491,0.12131257902237635,2238.147308900021,126.27587061680083,-0.0003820854413788766,2080.687386703491,1.0465328767895699,0.008192807835439454,0.046533203125,-1.0712761878967285,-1.0828572511672974,-1.0570871829986572,282962.0001,0.15027693932084946,47163.359346897225,1.0,0.04904086118429822,13238.18492363681,0.9974489795918368,0.007605130753829592,1942.112861510742,1.0,-0.001999999999999968,-493.5799999999947,1.0,-0.001236482370037124,-294.7368504806131,1.0,-0.00046341286186751075,-125.34585685109785,1.0,-4.991039137519453e-05,-6.918508661952557,1.0,-0.010119489368682602,-1064.2487914512772,1.0,0.0,-22.86537456512451,0.0,0.0,-213.0,0.0,0.5102040816326531,160200.0,0.0008503401360544217,0.0,-320.0,0.0,0.0,0.0,0.0,0.0,0.0,0.0
286720,70,3,3D_with_obstacles,3,3,100.0,0.0,0.0,0.0,836.9983899148806,1087.6666666666667,1.2297415044290212,1.2297415044290212,0.9933730717135131,0.9908059658252943,29.601963777469752,5.2152110697108744,1.4575289327011953,1.6300692700553185,0.6078212815324159,0.4641582895482941,0.613993786143506,0.025788410436480294,0.16595287874934547,2.2996188208193433,3.3884325607434103,0.0049884767603904055,0.3250142582241758,0.9974312092366914,0.17951258822844554,2265.2031763000414,126.5758422908118,-0.0008121453895000741,2064.956174850464,1.048451679199934,0.005266372216283344,0.04404296875,-1.067651391029358,-1.0753487348556519,-1.054898738861084,287062.0001,0.16287456719686771,47694.81905966061,1.0,0.05712883213829581,13424.59630290407,0.9969353355807539,0.007977949920294533,1968.144912100663,1.0,-0.001999999999999974,-500.1059999999946,1.0,-0.0012180928128776903,-298.711487329033,1.0,-0.0004628237210881449,-126.85605065300847,1.0,-3.152972586369165e-05,-7.021390157445783,1.0,-0.006372743098404571,-1085.0430521813712,1.0,0.0,-22.86537456512451,0.0,0.0,-213.0,0.0,0.5516395954642966,162000.0,0.0009193993257738277,0.0,-320.0,0.0,0.0,0.0,0.0,0.0,0.0,0.0
290816,71,3,3D_with_obstacles,3,3,100.0,0.0,0.0,0.0,833.7102739588839,1045.0,1.2338791261508562,1.2338791261508562,0.9991900207877683,0.9834788136772726,31.40136579145518,11.598982206017569,1.4285970785306479,1.6541580960297697,0.6120313505596897,0.4804679829427945,0.608546001743555,0.03239526589920226,0.18780259743542574,2.4000690799344064,3.5722760958105777,0.006032719173030825,0.22434281179655044,0.9963585862401384,0.30895561206224875,2320.132777699968,125.34455044779656,-0.0005867628962732852,2047.0190514564515,1.0592724911868572,0.01032604828797048,0.083544921875,-1.0640326738357544,-1.075893521308899,-1.049226999282837,291162.0001,0.16922557171000788,48225.34122697148,1.0,0.05379431479105969,13593.241479774042,0.9939393939393939,0.007973125445893358,1993.1406603735388,1.0,-0.0019999999999999693,-506.3759999999945,1.0,-0.0012230418141542137,-302.5457234164065,1.0,-0.0004772979759340482,-128.3523798075617,1.0,-3.409073560563545e-05,-7.12826461356945,1.0,-0.0036123862453016106,-1096.3678830603917,1.0,0.0,-22.86537456512451,0.0,0.0,-213.0,0.0,0.5741626794258373,163800.0,0.0009569377990430622,0.0,-320.0,0.0,0.0,0.0,0.0,0.0,0.0,0.0
294912,72,3,3D_with_obstacles,3,3,100.0,0.0,0.0,0.0,844.7607769529592,1272.3333333333333,1.2370404318117,1.2370404318117,0.9949893634279365,0.9908304926099439,31.746552301900806,0.742021572786985,1.394431381648342,1.5828696374143005,0.6055611047855587,0.47398624561648145,0.6019516584661807,0.030382533760760336,0.22374781229945295,1.8831306601616655,2.9793649010033505,0.0033707147293592175,0.15272106898149332,0.9980001539201785,0.2227827379381835,2347.3042697999626,125.63859052884202,-0.0026847941684536637,2020.7405563354491,1.0590013340115547,0.005046359308471438,0.0427978515625,-1.0684844255447388,-1.0810388326644897,-1.0523720979690552,295262.0001,0.1394567479348641,48757.64763383886,1.0,0.0551461784157706,13803.73444278704,0.9973801414723605,0.00798472995809361,2023.6183746235822,1.0,-0.001999999999999954,-514.0099999999943,1.0,-0.0012109970594767283,-307.16809919242917,1.0,-0.0004747089257069519,-130.16434377698513,1.0,-2.0637124420272553e-05,-7.20703651748163,1.0,-0.002893650247345247,-1107.4129460545084,1.0,-0.0036160803322146193,-36.667953193187714,0.014933193607545192,0.0,-213.0,0.0,0.47157453497511137,165600.0,0.0007859575582918522,0.0,-320.0,0.0,0.0,0.0,0.0,0.0,0.0,0.0
299008,73,3,3D_with_obstacles,4,4,100.0,0.0,0.0,0.0,807.8340284298398,1024.0,1.2388479905097063,1.2388479905097063,1.0555051908296504,0.9344383016338408,33.06020688498829,6.833550425710978,1.3154269262209755,1.642155808417392,0.6229765912474395,0.4640320544966206,0.7290388421988395,0.21526127191785602,1.1678059497658992,2.2851244627504657,3.4583761964561184,0.007457195050930508,0.47965918758562437,0.9521034142568979,0.2132731973547679,2376.0414816000266,125.84292080567886,-0.00014838127535767853,2665.54963760376,1.0477865278720855,0.008075215949793347,0.070263671875,-1.07108736038208,-1.07919180393219,-1.0563915967941284,299363.0001,0.17218463848573629,49462.91591307644,1.0,0.04842940633443264,14002.101291132876,0.975341796875,0.007604338096181884,2054.765743465543,1.0,-0.001999999999999973,-522.2019999999942,1.0,-0.0012434528867994459,-312.2612822167597,1.0,-0.0004673477910339586,-132.07860032906024,1.0,-4.615465284082419e-05,-7.3960859755176465,1.0,-0.009047337322161241,-1144.4708397260808,1.0,0.0,-36.667953193187714,0.0,-0.012451171875,-264.0,0.012451171875,0.5859375,168000.0,0.0009765625,0.0,-320.0,0.0,0.0,0.0,0.0,0.0,0.0,0.0
303104,74,3,3D_with_obstacles,4,4,100.0,0.0,0.0,0.0,820.3696063810194,928.25,1.2354834683060278,1.2354834683060278,1.0628343525733497,0.9268072527274184,41.522920181888566,20.831094643250303,1.4241951492175087,1.8065503840669732,0.6056845556312214,0.458411949968879,0.6866624135063499,0.22240358663795146,1.310355036179891,1.607927437789835,2.6004143172273713,0.00403590544641496,0.23201857321704675,0.9011751391097778,0.21728711339342488,2404.1865182999754,126.07341306211462,-0.002291537614655681,2631.167276763916,1.0399697087705135,0.006848617722425843,0.0958984375,-1.0733388662338257,-1.0816476345062256,-1.0587433576583862,303464.0001,0.1899497805859854,50168.1994483922,1.0,0.05273178034554837,14197.894391555898,0.9151629410180447,0.0071395556742591335,2081.274913684067,0.9534069485591166,-0.0019999999999999935,-529.6279999999941,1.0,-0.0012125775080225377,-316.7635825040474,1.0,-0.0004584450254895842,-133.78080670870307,1.0,-2.526151573990892e-05,-7.489881983459928,1.0,-0.00468167997801199,-1161.8539174844393,1.0,0.0,-36.667953193187714,0.0,-0.004039859951521681,-279.0,0.00403985995152168,0.6463775922434689,170400.0,0.0010772959870724481,0.0,-320.0,0.0,0.0,0.0,0.0,0.0,0.0,0.0
