global_step,update,stage_id,stage_label,episodes,successes,success_rate,collision_rate,out_of_bounds_rate,timeout_rate,mean_return,mean_len,mean_final_distance,mean_min_distance,mean_path_ratio,mean_path_efficiency,mean_min_obstacle_clearance,min_obstacle_clearance,mean_speed,max_speed_mean,mean_action_l2,mean_action_delta_l2,mean_abs_heading_error,max_abs_heading_error_mean,mean_cross_track_error,max_cross_track_error_mean,mean_abs_roll,mean_abs_pitch,mean_target_alignment,mean_current_speed,elapsed_sec,steps_per_sec,policy_loss,value_loss,entropy,approx_kl,clipfrac,log_std_mean,log_std_min,log_std_max,obs_rms_count,rc_window_mean__progress_reward,rc_cumulative_sum__progress_reward,rc_trigger_rate__progress_reward,rc_window_mean__step_penalty,rc_cumulative_sum__step_penalty,rc_trigger_rate__step_penalty,rc_window_mean__action_l2_penalty,rc_cumulative_sum__action_l2_penalty,rc_trigger_rate__action_l2_penalty,rc_window_mean__action_smooth_penalty,rc_cumulative_sum__action_smooth_penalty,rc_trigger_rate__action_smooth_penalty,rc_window_mean__roll_penalty,rc_cumulative_sum__roll_penalty,rc_trigger_rate__roll_penalty,rc_window_mean__pitch_penalty,rc_cumulative_sum__pitch_penalty,rc_trigger_rate__pitch_penalty,rc_window_mean__obstacle_clearance_penalty,rc_cumulative_sum__obstacle_clearance_penalty,rc_trigger_rate__obstacle_clearance_penalty,rc_window_mean__orbit_penalty,rc_cumulative_sum__orbit_penalty,rc_trigger_rate__orbit_penalty,rc_window_mean__goal_bonus,rc_cumulative_sum__goal_bonus,rc_trigger_rate__goal_bonus,rc_window_mean__collision_penalty,rc_cumulative_sum__collision_penalty,rc_trigger_rate__collision_penalty,rc_window_mean__out_of_bounds_penalty,rc_cumulative_sum__out_of_bounds_penalty,rc_trigger_rate__out_of_bounds_penalty,rc_window_mean__timeout_penalty,rc_cumulative_sum__timeout_penalty,rc_trigger_rate__timeout_penalty
4096,1,1,2.5D_no_obstacles,2,0,0.0,0.0,100.0,0.0,-97.3443566187662,1298.5,75.30369333825374,68.07563420359075,0.3757816361008165,0.35735617934006064,0.0,0.0,0.46382256927620247,1.0253370232323533,0.3928100575402895,0.6203058060191067,0.867755796639657,1.430956245022471,9.104402105890417,20.789471055055866,0.0014360518992571382,0.011947895892482008,0.5244448877308274,0.2998550853023441,26.36442600004375,155.36086391538367,0.018230585008859636,37.80309297144413,1.260822169482708,0.10515864896588027,0.58125,-0.997897207736969,-1.000536561012268,-0.9953130483627319,4099.0001,0.0004712582821319449,1.2238577586966608,1.0,-0.0060000000000000565,-15.582000000000146,1.0,-0.004712947455021812,-12.239524540691647,1.0,-0.0024792226735412086,-6.4385412831865185,1.0,-2.8865068310247025e-05,-0.07496258240171152,1.0,-0.0006074480515784238,-1.5775425899491666,1.0,0.0,0.0,0.0,0.0,0.0,0.0,0.0,0.0,0.0,0.0,0.0,0.0,-0.061609549480169425,-160.0,0.0007701193685021178,0.0,0.0,0.0
8192,2,1,2.5D_no_obstacles,1,0,0.0,0.0,0.0,100.0,-116.22049001355222,2400.0,93.2700943876052,76.96758628919122,0.48887165756119405,0.0,0.0,0.0,0.3135605957306756,0.5653681854775777,0.40234334849694275,0.6054896364078256,1.3170371150997067,1.871104140855003,16.93416034922158,37.33500562203436,0.0008119839124700135,0.018860211392156673,0.1902403551933021,0.21670385460058847,51.78998430003412,158.17730224711812,0.012455018563196063,18.07222808264196,1.2662656880915164,0.15187783071305602,0.5641357421875,-0.9965819716453552,-1.0008432865142822,-0.9924667477607727,8197.000100000001,-0.000882541864071215,-0.8942427150742551,1.0,-0.0060000000000001346,-29.98200000000047,1.0,-0.004828120181963322,-23.82701297740362,1.0,-0.002421958545631306,-12.251241792701652,1.0,-1.623967824618875e-05,-0.11393781019256452,1.0,-0.000943010569068063,-3.8407679557125176,1.0,0.0,0.0,0.0,0.0,0.0,0.0,0.0,0.0,0.0,0.0,0.0,0.0,0.0,-160.0,0.0,-0.03333333333333333,-80.0,0.0004166666666666667
12288,3,1,2.5D_no_obstacles,2,0,0.0,0.0,50.0,50.0,-115.17755770555802,1613.5,92.75435727693757,82.21587166051256,0.23716362375953493,0.0,0.0,0.0,0.3356398825725625,0.6177471938488431,0.5092742952929241,0.5795799241551276,0.8813277431184828,1.688917903114144,7.057061478519543,17.036199587645886,0.0015451071889209533,0.058771575237107715,0.5241634729891098,0.16445514775152986,77.3489767999854,158.86441564411646,0.035038976834039205,35.59945829659701,1.27013982757926,0.1705237095360644,0.6232666015625,-0.9946363568305969,-1.0010576248168945,-0.9874280095100403,12296.000100000001,-0.0008021654975633646,-3.482830775711233,1.0,-0.0060000000000000895,-49.34400000000076,1.0,-0.006474665807725456,-44.72075953893366,1.0,-0.002301835937319074,-19.679266362430305,1.0,-2.0676443425735078e-05,-0.18066069312741162,1.0,-0.00155439520802152,-8.856801291997963,1.0,0.0,0.0,0.0,-0.004648280136349551,-15.0,0.004648280136349551,0.0,0.0,0.0,0.0,0.0,0.0,-0.02479082739386427,-240.0,0.0003098853424233034,-0.02479082739386427,-160.0,0.0003098853424233034
16384,4,1,2.5D_no_obstacles,1,0,0.0,0.0,0.0,100.0,-134.47448426302086,2400.0,65.10874665516958,64.813000521735,0.47201722249172956,0.7721965988941283,0.0,0.0,0.40298938770269166,0.9475575205861161,0.47966730973440763,0.6079616297111109,0.7411236348166782,3.140389832058311,4.866765695689847,8.809150318956757,0.0019157342459194641,0.07480483156719214,0.590624019965274,0.3325413935631514,102.60302480007522,159.6834014584333,0.01654360972752329,16.964615738391878,1.2785580329596997,0.1848042928846553,0.583349609375,-0.9926124215126038,-1.0022706985473633,-0.9801888465881348,16394.0001,0.0015187087242815253,0.16207016256442763,1.0,-0.0060000000000001346,-63.74400000000109,1.0,-0.005756007716812891,-58.535178059284604,1.0,-0.0024318465188444393,-25.515698007656958,1.0,-3.8314684904853304e-05,-0.27261593689905955,1.0,-0.003740241579978032,-17.83338108394524,1.0,0.0,0.0,0.0,-0.00625,-30.0,0.00625,0.0,0.0,0.0,0.0,0.0,0.0,0.0,-240.0,0.0,-0.03333333333333333,-240.0,0.0004166666666666667
20480,5,1,2.5D_no_obstacles,2,0,0.0,0.0,100.0,0.0,-116.60343089416185,1691.0,70.83895320985276,56.86522681108361,0.45820293055776284,0.0,0.0,0.0,0.3031567638055994,0.632818911572741,0.46802401787194126,0.6230408131654728,0.8595906335774575,1.568290704789358,11.828163718867543,24.244898964846346,0.0017498502806084755,0.04144614729079174,0.48702342932623904,0.2388170048104082,128.53756409999914,159.33085509592394,0.03572011139185634,32.49520095735788,1.2771075040102005,0.2497420005267486,0.608740234375,-0.9938111305236816,-1.00420343875885,-0.9797612428665161,20493.0001,-0.00131482897575024,-4.284681433422884,1.0,-0.006000000000000096,-84.03600000000141,1.0,-0.005562123787333691,-77.34628070804715,1.0,-0.0024997850592630368,-33.96997107808455,1.0,-3.332042325646533e-05,-0.38530560835242533,1.0,-0.0018007228863669243,-23.92342588563818,1.0,0.0,0.0,0.0,-0.004435245416913069,-45.0,0.004435245416913069,0.0,0.0,0.0,0.0,0.0,0.0,-0.04730928444707274,-400.0,0.0005913660555884093,0.0,-240.0,0.0
24576,6,1,2.5D_no_obstacles,1,0,0.0,0.0,0.0,100.0,-117.51207638743304,2400.0,102.90829749711972,92.14580584800865,0.14261540821441987,0.0,0.0,0.0,0.10951176430216975,0.15284203659627058,0.5420214627477495,0.6249051401986798,0.10077559162874215,0.21377550600622008,6.416431351473945,12.736332209607514,0.00021819339827462852,0.0027025888257992095,0.9931398443515336,0.10429497088616092,210.29773120000027,116.86288701149796,0.017179513702285477,15.30981940627098,1.2765055686235427,0.18909280030056835,0.5776611328125,-0.9934771656990051,-1.0046168565750122,-0.978114128112793,24591.0001,-0.00048666040512573773,-5.4526664057246546,1.0,-0.0060000000000001346,-98.43600000000173,1.0,-0.0065042575529729914,-92.95649883518233,1.0,-0.0024996205607947255,-39.96906042399189,1.0,-4.363867966967515e-06,-0.3957788914731474,1.0,-0.0001351294412366806,-24.247736544606216,1.0,0.0,0.0,0.0,0.0,-45.0,0.0,0.0,0.0,0.0,0.0,0.0,0.0,0.0,-400.0,0.0,-0.03333333333333333,-320.0,0.0004166666666666667
28672,7,1,2.5D_no_obstacles,2,0,0.0,0.0,50.0,50.0,-109.38176595423391,1936.5,53.53244411697854,42.78534612776501,0.40918662486322555,0.0,0.0,0.0,0.21813434857247122,0.2834845304156391,0.3985280744905515,0.6389586174887434,0.6438427578027026,1.0802361821568243,8.264970886946864,17.220041435034222,0.0012041552541691492,0.00786701758184711,0.7401217064120769,0.21641792409728963,235.53861920000054,121.72950702260012,0.029904271240229718,30.936315823346376,1.2765080034732819,0.24425908676348626,0.648681640625,-0.993593692779541,-1.006089687347412,-0.9731770157814026,28690.0001,-0.001294076939323673,-10.46462639172524,1.0,-0.006000000000000113,-121.67400000000217,1.0,-0.004931730866068784,-112.05709247946673,1.0,-0.002535273621508525,-49.78817516009441,1.0,-2.2909010195612008e-05,-0.48450548796075266,1.0,-0.00038862301719409266,-25.752873490198937,1.0,0.0,0.0,0.0,0.0,-45.0,0.0,0.0,0.0,0.0,0.0,0.0,0.0,-0.020655822359927703,-480.0,0.0002581977794990963,-0.020655822359927703,-400.0,0.0002581977794990963
32768,8,1,2.5D_no_obstacles,2,0,0.0,0.0,50.0,50.0,-112.53907988608236,2015.0,79.41357368985983,62.922449810179344,0.36446892536117514,0.0,0.0,0.0,0.2074020768679869,0.23878364374514782,0.509682985484649,0.598619101087978,0.4394296781744883,0.6486864708572786,9.621390988788441,19.71520455018996,0.00067563434903825,0.002641734583238093,0.8888326688976349,0.20820884446929644,260.92566549999174,125.5836597645893,-0.0008718565222807229,28.38643005490303,1.2765750013291837,0.2821109857177362,0.5754150390625,-0.9938096404075623,-1.0067743062973022,-0.9719197750091553,32789.000100000005,-0.001536946152817796,-16.65851938758096,1.0,-0.006000000000000117,-145.85400000000263,1.0,-0.006073586102654089,-136.53364447316272,1.0,-0.002398695019056451,-59.45491608689191,1.0,-1.3378211800354539e-05,-0.5384196815161815,1.0,-0.0001258212561439589,-26.25993315245909,1.0,0.0,0.0,0.0,0.0,-45.0,0.0,0.0,0.0,0.0,0.0,0.0,0.0,-0.019851116625310174,-560.0,0.00024813895781637717,-0.019851116625310174,-480.0,0.00024813895781637717
36864,9,1,2.5D_no_obstacles,1,0,0.0,0.0,0.0,100.0,-117.09166073370545,2400.0,63.61411705830131,63.61411705830131,0.36812139735967075,0.8368659419391993,0.0,0.0,0.28203309069174826,0.40119217541423097,0.6398167727693604,0.5643009356682644,0.2068840752409297,0.6278713007710994,7.1133990524551,12.105943366630054,0.0010082729696278782,0.01566611825888088,0.962365041606292,0.28412968525042137,286.3165375000099,128.75260479845224,0.012136213370831683,13.714870756864547,1.2747254014015197,0.2590125563321635,0.5956298828125,-0.994848906993866,-1.009414792060852,-0.9711608290672302,36887.000100000005,0.0012836177497890643,-13.577836788087204,1.0,-0.0060000000000001346,-160.25400000000295,1.0,-0.007677801273232325,-154.9603675289203,1.0,-0.0022572037426730578,-64.87220506930726,1.0,-2.01654593789168e-05,-0.5868167840255818,1.0,-0.0007833059135486999,-28.139867344975972,1.0,0.0,0.0,0.0,0.0,-45.0,0.0,0.0,0.0,0.0,0.0,0.0,0.0,0.0,-560.0,0.0,-0.03333333333333333,-560.0,0.0004166666666666667
40960,10,1,2.5D_no_obstacles,1,0,0.0,0.0,0.0,100.0,-115.64587449066715,2400.0,49.083802947865564,39.64326838116203,0.40342950152002044,0.0,0.0,0.0,0.13327720001363783,0.1921373398162769,0.4243198627489619,0.6389975608762082,0.49723345856459134,0.8830425276082909,7.123053087121511,14.802689152379257,0.0006464885851564064,0.003989025030796317,0.8553840710817826,0.14571528292571506,311.70947250002064,131.40441216459115,0.024989873822778463,16.316966282576324,1.2704880684614182,0.13156233169138432,0.5640869140625,-0.9953866600990295,-1.0105483531951904,-0.9711992740631104,40985.000100000005,-0.0009922380848217298,-15.959208191659355,1.0,-0.0060000000000001346,-174.65400000000326,1.0,-0.005091838352987543,-167.1807795760904,1.0,-0.0025559902435048354,-71.00658165371885,1.0,-1.2929771686558209e-05,-0.6178482360733215,1.0,-0.00019945125144399365,-28.618550348441556,1.0,0.0,0.0,0.0,0.0,-45.0,0.0,0.0,0.0,0.0,0.0,0.0,0.0,0.0,-560.0,0.0,-0.03333333333333333,-640.0,0.0004166666666666667
45056,11,1,2.5D_no_obstacles,2,0,0.0,0.0,50.0,50.0,-107.35762242872994,1857.5,103.72827298415889,94.95115472693413,0.1363874095536372,0.3648277617658331,0.0,0.0,0.19206434908206485,0.2266626188451965,0.5017646384190424,0.6052654186212374,0.18862105508729948,0.29637928369453714,6.2071962163502326,12.388996899536286,0.0011221934552162688,0.0026932160240719745,0.9763775188362047,0.19859322285247763,397.83650530001614,113.25255324677258,0.033298485467094,27.972303355112672,1.273223578184843,0.3219789259135723,0.6439697265625,-0.9942143559455872,-1.0115517377853394,-0.9680075645446777,45084.000100000005,-0.00022462863360889668,-16.793703565516406,1.0,-0.006000000000000108,-196.94400000000365,1.0,-0.00593016020349656,-189.21132473208013,1.0,-0.0024215920664851357,-80.00279618071113,1.0,-1.965743002893446e-05,-0.690875588630813,1.0,-0.0001321567827895837,-29.10951279650486,1.0,0.0,0.0,0.0,0.0,-45.0,0.0,0.0,0.0,0.0,0.0,0.0,0.0,-0.021534320323014805,-640.0,0.00026917900403768504,-0.021534320323014805,-720.0,0.00026917900403768504
49152,12,1,2.5D_no_obstacles,2,0,0.0,0.0,100.0,0.0,-111.4622251860079,1888.5,65.26311742036955,52.489878794047414,0.4381426077255196,0.0,0.0,0.0,0.2564119568882132,0.3277806758744563,0.5597555875992211,0.5838168146773626,0.4031516622517495,0.6483920560020995,10.653618940086766,21.217469333473296,0.00024091852840523028,0.0030683145418546184,0.9021202991508606,0.25122555481544706,425.4658414000878,115.52513790121121,0.032604154653381553,31.778334368765353,1.2742908045649528,0.1382640162948519,0.61005859375,-0.9941776394844055,-1.013992190361023,-0.961345374584198,49183.000100000005,-0.0014934509146130191,-22.43446767000978,1.0,-0.006000000000000109,-219.60600000000406,1.0,-0.006686904793897405,-214.46776413863063,1.0,-0.002330713745172073,-88.80590199622605,1.0,-4.9649553874775554e-06,-0.7096282251293158,1.0,-0.00014386772808009347,-29.652901205463372,1.0,0.0,0.0,0.0,0.0,-45.0,0.0,0.0,0.0,0.0,0.0,0.0,0.0,-0.04236166269526079,-800.0,0.0005295207836907599,0.0,-720.0,0.0
53248,13,1,2.5D_no_obstacles,2,0,0.0,0.0,50.0,50.0,-123.78544006877091,2020.0,55.14888845275832,48.146177371042114,0.41904314608449084,0.0,0.0,0.0,0.21320277907573254,0.23981217460831206,1.0804121675574963,0.4165392454232083,0.19324254297723698,0.31458769813242604,9.655638506578224,19.796954714361128,0.0005830240209683481,0.007849206279826642,0.9760193999365632,0.22134533123726524,452.9681906000478,117.5535084030123,0.044090836786199364,28.24311211705208,1.282831083238125,0.19614769553299993,0.6516357421875,-0.9891684651374817,-1.0058673620224,-0.9565860629081726,53282.000100000005,-0.0006916071649051835,-25.228560616226723,1.0,-0.006000000000000117,-243.84600000000452,1.0,-0.01291419910501578,-266.6411285228944,1.0,-0.0016647098243895283,-95.53132968675975,1.0,-1.2975264735298745e-05,-0.7620482946599227,1.0,-0.0003924690710388016,-31.23847625246013,1.0,0.0,0.0,0.0,0.0,-45.0,0.0,0.0,0.0,0.0,0.0,0.0,0.0,-0.019801980198019802,-880.0,0.00024752475247524753,-0.019801980198019802,-800.0,0.00024752475247524753
57344,14,1,2.5D_no_obstacles,2,0,0.0,0.0,100.0,0.0,-107.6934800835991,1453.0,87.41049896019896,82.77679643880836,0.2638472505327588,0.0,0.0,0.0,0.2938852134101715,0.343249358969999,0.8351048166242857,0.48261198889957535,0.2358726272597388,0.45280694001419164,9.88755865264491,20.130623762269078,0.00038954838695911534,0.008175776666353841,0.9652454434584736,0.299006749956696,479.06572670000605,119.69965039037153,0.008705698524136097,23.15503504872322,1.2905510060489178,0.27351663685403765,0.5483642578125,-0.9889071583747864,-1.0056525468826294,-0.9557751417160034,57381.000100000005,-0.0003648665516674998,-26.28886281537248,1.0,-0.006000000000000075,-261.28200000000476,1.0,-0.010390325003081178,-296.8354129818483,1.0,-0.0018989693006953741,-101.0497344745805,1.0,-7.913634538285707e-06,-0.785045316628181,1.0,-0.00039744380568121563,-32.393447951769744,1.0,0.0,0.0,0.0,0.0,-45.0,0.0,0.0,0.0,0.0,0.0,0.0,0.0,-0.05505849965588438,-1040.0,0.0006882312456985547,0.0,-800.0,0.0
61440,15,1,2.5D_no_obstacles,1,0,0.0,0.0,100.0,0.0,-126.35707523656859,2040.0,97.1411281843185,77.40531424683581,0.2605974226694654,0.0,0.0,0.0,0.19776103327103367,0.26480319773288014,1.1248052276579628,0.4118824700117294,0.47404167612958853,0.7341103381932794,9.939369192949638,20.10567711051514,0.0004996429378227037,0.006380638962629513,0.8773619074716607,0.20933358521730291,506.09366920008324,121.40045161424418,0.03322744762117509,12.8034344044514,1.2918593451380729,0.13729336846154183,0.5564208984375,-0.9876341819763184,-1.0096290111541748,-0.9485511779785156,61479.000100000005,-0.0012498390699577492,-28.838534518086288,1.0,-0.006000000000000119,-273.522000000005,1.0,-0.013497662731895541,-324.37064495491524,1.0,-0.0016475298800469188,-104.41069542987621,1.0,-9.992858742082516e-06,-0.8054307484620293,1.0,-0.0003190319478717332,-33.04427312542808,1.0,0.0,0.0,0.0,0.0,-45.0,0.0,0.0,0.0,0.0,0.0,0.0,0.0,-0.0392156862745098,-1120.0,0.0004901960784313725,0.0,-800.0,0.0
65536,16,1,2.5D_no_obstacles,1,0,0.0,0.0,0.0,100.0,-125.93698758092981,2400.0,102.14523543472455,93.86224244762454,0.13835234571837382,0.0,0.0,0.0,0.10821717847513092,0.12583602767332586,0.8588938545233881,0.5027586723051112,0.4272976527350454,0.6488135117254075,6.254557121446393,12.639117958269653,0.000813896952824706,0.008773596177969646,0.896846117252898,0.1151669285322229,589.6953737000003,111.13534703316253,0.04683907051221468,11.204789858870209,1.2920759484171866,0.12443678225390613,0.554150390625,-0.9894537329673767,-1.014737844467163,-0.9440605640411377,65577.0001,-0.0003676928004233597,-29.720997239102353,1.0,-0.0060000000000001346,-287.9220000000053,1.0,-0.010306726254280646,-349.1067879651888,1.0,-0.002011034689220447,-109.23717868400529,1.0,-1.627793903792456e-05,-0.8444978021530483,1.0,-0.0004386798090916764,-34.097104667248104,1.0,0.0,0.0,0.0,0.0,-45.0,0.0,0.0,0.0,0.0,0.0,0.0,0.0,0.0,-1120.0,0.0,-0.03333333333333333,-880.0,0.0004166666666666667
69632,17,1,2.5D_no_obstacles,2,0,0.0,0.0,100.0,0.0,-119.322758488195,1993.5,104.03803070143395,81.65091890391729,0.34140597905093706,0.0,0.0,0.0,0.22980826862936293,0.2654779959777025,0.8101196553332947,0.4931334617283304,0.5310384108307011,1.0085858891248982,10.951869987949669,22.838842961284804,0.000999277876786626,0.009477896237355479,0.7584276397029022,0.25104465823241057,615.7871255000355,113.07803803701964,0.02757674859894905,23.748497535288333,1.2894203275442124,0.16635240721516312,0.5572509765625,-0.9886834621429443,-1.014482021331787,-0.9413695335388184,69676.0001,-0.0016885013577102206,-36.453052152293004,1.0,-0.006000000000000116,-311.8440000000058,1.0,-0.00955421337577537,-387.1994366944052,1.0,-0.0019895246295383775,-117.16941338197479,1.0,-1.9927130788874865e-05,-0.9239472726082923,1.0,-0.0004733205832852588,-35.98423383280643,1.0,0.0,0.0,0.0,0.0,-45.0,0.0,0.0,0.0,0.0,0.0,0.0,0.0,-0.040130423877602205,-1280.0,0.0005016302984700275,0.0,-880.0,0.0
73728,18,1,2.5D_no_obstacles,2,0,0.0,0.0,100.0,0.0,-120.38819270629313,2031.0,109.09128087557299,90.6285740373744,0.2817184926260947,0.0,0.0,0.0,0.25470419040710207,0.28018694931747234,0.8856350948740492,0.4795424309244253,0.3101563731656253,0.4700625292098972,12.53152172875464,25.4162808591257,0.0006407421928727708,0.006582135213681043,0.9447469684499208,0.2628411588459154,640.2083447000477,115.16251015838174,0.026551112718880176,20.254819566011427,1.2902102552354335,0.3084140672814101,0.575732421875,-0.9889810681343079,-1.01450777053833,-0.9414376616477966,73775.0001,-0.001002894926548893,-40.52681134393461,1.0,-0.006000000000000118,-336.21600000000626,1.0,-0.010602800151822949,-430.26801091111,1.0,-0.0019240630116370541,-124.9849573352445,1.0,-1.3371813359396517e-05,-0.978263578474161,1.0,-0.0003427355354761601,-37.376425577910595,1.0,0.0,0.0,0.0,0.0,-45.0,0.0,0.0,0.0,0.0,0.0,0.0,0.0,-0.03938946331856229,-1440.0,0.0004923682914820286,0.0,-880.0,0.0
77824,19,1,2.5D_no_obstacles,2,0,0.0,0.0,50.0,50.0,-102.02272007675083,1379.5,85.89208183191397,71.1111745413389,0.2532146272430279,0.0,0.0,0.0,0.6492836772948404,1.8792904363897838,0.45943764066910525,0.6221128464723198,0.1584067116035074,0.26902683925742865,5.071430516839236,15.035656532018958,0.0014948657135124878,0.015320889950873738,0.9788822243992517,0.19586628846500542,664.8045615000883,117.06297535684051,0.01835851538053248,20.597423652932047,1.291189494729042,0.2628414751728997,0.539306640625,-0.9884611964225769,-1.014445424079895,-0.9409418106079102,77874.0001,-0.001760209464913569,-45.38322925763115,1.0,-0.0060000000000001155,-352.7700000000066,1.0,-0.005518530149298368,-445.49363559302424,1.0,-0.0024038527283342247,-131.61718701271863,1.0,-1.0443237093795377e-05,-1.0070764696159424,1.0,-0.00027124138792136834,-38.12478056718565,1.0,0.0,0.0,0.0,0.0,-45.0,0.0,0.0,0.0,0.0,0.0,0.0,0.0,-0.02899601304820587,-1520.0,0.0003624501631025734,-0.02899601304820587,-960.0,0.0003624501631025734
81920,20,1,2.5D_no_obstacles,1,0,0.0,0.0,0.0,100.0,-113.49382940273674,2400.0,117.65245746703108,117.65245746703108,0.06139947275514144,0.586453738214572,0.0,0.0,0.06244690900401159,0.09874623482045068,0.4535683861126502,0.6169808216369711,0.11641362328949366,0.3250975008317223,2.790602791241711,5.6574438263469995,0.0008525718521181476,0.0035600004118269504,0.9894776002552228,0.06883899576806773,691.7052714000456,118.43194404777323,0.030834127188427374,9.442139776982367,1.2906555078923703,0.25697684316546654,0.5967529296875,-0.9891194701194763,-1.0156364440917969,-0.9414523243904114,81972.0001,0.00015003312634023506,-45.02314975441459,1.0,-0.0060000000000001346,-367.1700000000069,1.0,-0.005442820633351797,-458.55640511306854,1.0,-0.002467923286547871,-137.5402029004335,1.0,-1.7051437036360863e-05,-1.0479999185032085,1.0,-0.00017800002054449763,-38.55198061649245,1.0,0.0,0.0,0.0,0.0,-45.0,0.0,0.0,0.0,0.0,0.0,0.0,0.0,0.0,-1520.0,0.0,-0.03333333333333333,-1040.0,0.0004166666666666667
86016,21,1,2.5D_no_obstacles,1,0,0.0,0.0,100.0,0.0,-109.82642025249264,1707.0,70.42479044105418,55.94176196541277,0.3674058133638685,0.0,0.0,0.0,0.24081228536508964,0.285738584152201,0.6271244053132549,0.5492073154426385,0.3863079110994574,0.5857382499141557,9.67663985960813,20.405092614979182,0.001245776823191154,0.004182051139451749,0.9123468085743063,0.24626715711738606,782.5480370000005,109.91785287680678,0.0609895792149473,9.717205141950398,1.2958323612809182,0.3739742926263716,0.603955078125,-0.9859821200370789,-1.013237714767456,-0.9359617233276367,86070.0001,-0.0015166652017996568,-47.6120972538866,1.0,-0.006000000000000097,-377.4120000000071,1.0,-0.007525492863759069,-471.4024214315053,1.0,-0.002196829261770552,-141.29019045027584,1.0,-2.4915536372944342e-05,-1.0905307390918244,1.0,-0.00020910255662152943,-38.9089186806454,1.0,0.0,0.0,0.0,0.0,-45.0,0.0,0.0,0.0,0.0,0.0,0.0,0.0,-0.04686584651435267,-1600.0,0.0005858230814294083,0.0,-1040.0,0.0
90112,22,1,2.5D_no_obstacles,1,0,0.0,0.0,0.0,100.0,-125.46034102814309,2400.0,103.55157791065541,93.40051434636852,0.1478699697919912,0.0,0.0,0.0,0.11509276029128436,0.1355887995075993,0.8500618216797011,0.4800522602681182,0.05895727609111046,0.13634480318541575,6.567459225491361,13.69560287826256,0.0008553135980824775,0.007018101307082685,0.9948471316942409,0.10633169344936808,808.2976652000798,111.4836821626775,0.04404556296067312,9.000198025256395,1.3015597499907017,0.4388958317693323,0.663671875,-0.9841318726539612,-1.0130369663238525,-0.9292392134666443,90168.0001,-0.0004528465231752037,-48.69892890950709,1.0,-0.0060000000000001346,-391.8120000000074,1.0,-0.010200741860156418,-495.88420189588066,1.0,-0.0019202090410724737,-145.8986921488498,1.0,-1.710627192793521e-05,-1.131585791718869,1.0,-0.00035090506539429603,-39.75109083759171,1.0,0.0,0.0,0.0,0.0,-45.0,0.0,0.0,0.0,0.0,0.0,0.0,0.0,0.0,-1600.0,0.0,-0.03333333333333333,-1120.0,0.0004166666666666667
94208,23,1,2.5D_no_obstacles,1,0,0.0,0.0,0.0,100.0,-127.7060852361493,2400.0,83.01131671559727,83.01131671559727,0.11377387503302056,0.8582332107380495,0.0,0.0,0.0872209766866907,0.1415921450858907,1.0225001574326114,0.41048512857591657,0.3001688633335974,0.9372627310050312,1.9687428170429713,4.256857634136467,0.00017302145513057552,0.007379696823859265,0.9098314634971496,0.1049779028336828,836.9069331000792,112.56687724050005,0.04946170787152369,9.808350145071746,1.3078714802861213,0.21404223679564893,0.6244384765625,-0.9814007878303528,-1.0104347467422485,-0.9248771071434021,94266.0001,0.00040685215861541125,-47.7224837288301,1.0,-0.0060000000000001346,-406.2120000000077,1.0,-0.01227000188919134,-525.3322064299399,1.0,-0.0016419405143036706,-149.8393493831786,1.0,-3.4604291011039737e-06,-1.1398908215615184,1.0,-0.0003689848410815464,-40.63665445618742,1.0,0.0,0.0,0.0,0.0,-45.0,0.0,0.0,0.0,0.0,0.0,0.0,0.0,0.0,-1600.0,0.0,-0.03333333333333333,-1200.0,0.0004166666666666667
98304,24,1,2.5D_no_obstacles,1,0,0.0,0.0,0.0,100.0,-139.0322349624568,2400.0,81.5425412091782,69.62137184498705,0.5713898885740272,0.0,0.0,0.0,0.33150789917398354,0.3950556198174776,1.353461667802185,0.3161262820923488,1.1407516914593552,2.251238978370182,19.430465117641823,38.778634863960754,0.00042903669076122013,0.0073737246392263315,0.3324009393552967,0.3329994012167056,865.4833590000635,113.58277311487024,0.008563157892785967,9.25546276140958,1.3149267815053463,0.34701064188266173,0.6048095703125,-0.9804647564888,-1.0092569589614868,-0.9234552979469299,98364.0001,-0.0007134524600873634,-49.43476963303977,1.0,-0.0060000000000001346,-420.61200000000804,1.0,-0.016241540013626196,-564.3119024626428,1.0,-0.0012645051283693973,-152.87416169126513,1.0,-8.580733793357107e-06,-1.1604845826655754,1.0,-0.000368686231814005,-41.521501412541035,1.0,0.0,0.0,0.0,0.0,-45.0,0.0,0.0,0.0,0.0,0.0,0.0,0.0,0.0,-1600.0,0.0,-0.03333333333333333,-1280.0,0.0004166666666666667
102400,25,1,2.5D_no_obstacles,2,0,0.0,0.0,50.0,50.0,-116.25550941045975,1957.5,82.55197171894183,72.47203446180431,0.24601335621809506,0.4911936521917531,0.0,0.0,0.22059264551378155,0.2677552350338996,0.9264966112604329,0.4719858889466828,0.4132372325166206,0.7000176162656375,5.884823034751375,11.953402331624666,0.0009334809517283769,0.007992968609245707,0.8725682832886056,0.21989971508989692,893.4887102000648,114.60693216489685,0.04062905698665418,17.78167543038726,1.3165312357246877,0.5495583602692932,0.6900390625,-0.9797723293304443,-1.010347604751587,-0.9200870990753174,102463.0001,-3.1609851306826934e-05,-49.558522200906,1.0,-0.006000000000000114,-444.1020000000085,1.0,-0.010054317581788484,-603.6745557953448,1.0,-0.001998598188585435,-160.69867359957712,1.0,-1.6214401696144657e-05,-1.2239639653059817,1.0,-0.0004205930087864707,-43.16812304194007,1.0,0.0,0.0,0.0,0.0,-45.0,0.0,0.0,0.0,0.0,0.0,0.0,0.0,-0.020434227330779056,-1680.0,0.0002554278416347382,-0.020434227330779056,-1360.0,0.0002554278416347382
106496,26,1,2.5D_no_obstacles,1,0,0.0,0.0,0.0,100.0,-128.70849135200575,2400.0,46.001749647866255,30.454213157066494,0.5624980061179017,0.0,0.0,0.0,0.1427536181561627,0.18965908985233024,0.7655235590892456,0.5113191275064795,0.74751236168533,1.5221398946494666,7.647063895070837,16.309891378148976,0.000832608851006766,0.018396392187707285,0.6783767324312718,0.16638585025134187,987.4525112999836,107.84923708361201,0.08292447603307665,10.002995824813842,1.318053698539734,0.4090148551855236,0.703955078125,-0.9794187545776367,-1.0128238201141357,-0.9165459275245667,106561.0001,-0.002127173725057063,-54.663739141042946,1.0,-0.0060000000000001346,-458.5020000000088,1.0,-0.009186282709070943,-625.721634297115,1.0,-0.0020452765100259195,-165.60733722363932,1.0,-1.665217700510866e-05,-1.2639291901182426,1.0,-0.0009198196088433729,-45.37569010316417,1.0,0.0,0.0,0.0,0.0,-45.0,0.0,0.0,0.0,0.0,0.0,0.0,0.0,0.0,-1680.0,0.0,-0.03333333333333333,-1440.0,0.0004166666666666667
110592,27,1,2.5D_no_obstacles,1,0,0.0,0.0,0.0,100.0,-127.83117312354233,2400.0,152.62655988484968,140.72398076091497,0.13058883543716363,0.0,0.0,0.0,0.15314150638041457,0.1769446472137447,0.9513335606064841,0.47221654714413336,0.20706216021509602,0.3922723428085706,8.480076375724828,17.85876261916637,0.0008620311414350867,0.005102499494022617,0.9739356359114895,0.15329003697261215,1015.6431581000797,108.8886378232289,0.005391512715141289,7.780707748234272,1.3182043179869651,0.4230490614543669,0.50849609375,-0.979929506778717,-1.0137207508087158,-0.9167216420173645,110659.0001,-0.00035242095494242694,-55.50954943290477,1.0,-0.0060000000000001346,-472.90200000000914,1.0,-0.011416002727277814,-653.1200408425817,1.0,-0.0018888661885765293,-170.14061607622298,1.0,-1.72406228307827e-05,-1.305306684912121,1.0,-0.0002551249745150798,-45.98799004200036,1.0,0.0,0.0,0.0,0.0,-45.0,0.0,0.0,0.0,0.0,0.0,0.0,0.0,0.0,-1680.0,0.0,-0.03333333333333333,-1520.0,0.0004166666666666667
114688,28,1,2.5D_no_obstacles,1,0,0.0,0.0,0.0,100.0,-115.50922737033814,2400.0,83.66990356424138,83.66990356424138,0.16014738791244723,0.4877704039045495,0.0,0.0,0.1211242795233017,0.17451973507571905,0.5380320448675775,0.5763543570650896,0.5986742336307967,1.0673552411249663,5.664407302723061,12.100632778354276,0.0009377392211660277,0.006808689405510284,0.782484270520095,0.12414548850307862,1043.653965500067,109.89082951938694,0.019495648139854892,8.7001908659935,1.3183607257902623,0.35788997483905405,0.625439453125,-0.9791606068611145,-1.0137476921081543,-0.9160381555557251,114757.0001,0.0003254798170263034,-54.72839787204164,1.0,-0.0060000000000001346,-487.30200000000946,1.0,-0.006456384538410916,-668.6153637347679,1.0,-0.00230541742826036,-175.67361790404786,1.0,-1.8754784422056705e-05,-1.3503181675250573,1.0,-0.0003404344702405188,-46.805032770577604,1.0,0.0,0.0,0.0,0.0,-45.0,0.0,0.0,0.0,0.0,0.0,0.0,0.0,0.0,-1680.0,0.0,-0.03333333333333333,-1600.0,0.0004166666666666667
118784,29,1,2.5D_no_obstacles,1,0,0.0,0.0,0.0,100.0,-136.9542640669284,2400.0,65.89903296876281,65.26779942556804,0.3034830169147497,0.07524028735611153,0.0,0.0,0.1705547845746321,0.20775721091357005,1.340228048247518,0.3329415458910565,1.0847682769298546,2.5451113261355456,9.62202317361164,19.535958423071715,0.0003403428226586036,0.008095520625560444,0.3692185018658279,0.17977302198608716,1071.977463599993,110.80829964567623,0.06559416617674288,7.866351724974811,1.3266829930245876,0.18081434390041978,0.5788818359375,-0.9742563366889954,-1.0078321695327759,-0.9090853333473206,118855.0001,9.51422891681892e-05,-54.50005637803799,1.0,-0.0060000000000001346,-501.7020000000098,1.0,-0.016082736578970202,-707.2139315242964,1.0,-0.0013317661835642236,-178.869856744602,1.0,-6.806856464730967e-06,-1.3666546230404115,1.0,-0.0004047760313891828,-47.77649524591164,1.0,0.0,0.0,0.0,0.0,-45.0,0.0,0.0,0.0,0.0,0.0,0.0,0.0,0.0,-1680.0,0.0,-0.03333333333333333,-1680.0,0.0004166666666666667
122880,30,1,2.5D_no_obstacles,2,0,0.0,0.0,100.0,0.0,-116.6025261316948,1477.5,94.44991082027829,87.53598498589807,0.23834705761051536,0.0,0.0,0.0,0.29027094054472025,0.342849211025648,1.3750053082308198,0.3314607677306509,0.5015843644090499,0.949535260231003,10.23604921025591,20.29148692526313,0.0015157030649989717,0.007845636271953553,0.8455930942668602,0.29006494319724296,1100.436794499983,111.6647504101626,0.03692273952474352,15.074031515419483,1.336058958619833,0.9741369603667408,0.7846435546875,-0.9729673862457275,-1.0070903301239014,-0.9061210751533508,122954.0001,-0.000533734341016813,-56.07724135574267,1.0,-0.006000000000000077,-519.43200000001,1.0,-0.016505600373000657,-755.9879806265134,1.0,-0.0013236428983459095,-182.78122150921416,1.0,-2.9566351414746624e-05,-1.4540231914709878,1.0,-0.00038073937408636876,-48.90158009633686,1.0,0.0,0.0,0.0,0.0,-45.0,0.0,0.0,0.0,0.0,0.0,0.0,0.0,-0.05414551607445008,-1840.0,0.0006768189509306261,0.0,-1680.0,0.0
126976,31,1,2.5D_no_obstacles,1,0,0.0,0.0,0.0,100.0,-544.4318434099025,2400.0,44.17074627695777,32.55490388172695,1.328210009141383,0.0,0.0,0.0,0.3691447654619021,0.8535835952637085,1.217498932260011,0.3846751658483231,1.0326233438872143,3.1404053643586662,9.595819365590382,26.691881914089894,0.0072706202725861474,0.4723489156610706,0.27591575858862205,0.11368597131688148,1180.6150031000143,107.55072539870424,0.049782449670601636,29.125884342193604,1.3366606511175632,0.13477527676150203,0.50576171875,-0.9736340641975403,-1.0093967914581299,-0.9038286209106445,127052.0001,-0.0013517219776013971,-59.321374101986024,1.0,-0.0060000000000001346,-533.8320000000103,1.0,-0.01460998718712011,-791.0519498756016,1.0,-0.0015387006633932928,-186.47410310135805,1.0,-0.00014541240554309282,-1.8030129647744106,1.0,-0.023617445853801353,-105.5834501454601,1.0,0.0,0.0,0.0,-0.14625,-396.0,0.14625,0.0,0.0,0.0,0.0,0.0,0.0,0.0,-1840.0,0.0,-0.03333333333333333,-1760.0,0.0004166666666666667
131072,32,1,2.5D_no_obstacles,3,0,0.0,0.0,100.0,0.0,-110.71769689368197,1274.6666666666667,65.89890217317502,44.74457659392717,0.571666877087237,0.0,0.0,0.0,0.45856674522410773,1.5744934322171817,0.8530171711587266,0.5140026753892873,0.4577874794354007,1.2278653437379028,9.214557662502406,22.31855067746926,0.0019906925904031947,0.05410389526148452,0.8657128382265137,0.29256103255222715,1205.2063978000078,108.75481597115626,0.03303711309854407,16.507148168981075,1.3358447149395942,0.5660057554487139,0.625439453125,-0.9736443161964417,-1.0094157457351685,-0.9038131833076477,131152.0001,-0.0040255908040053665,-74.71523333650255,1.0,-0.006000000000000058,-556.7760000000105,1.0,-0.010029353463790922,-829.4041975211381,1.0,-0.0019744176612344964,-194.02427623791877,1.0,-3.294697214370221e-05,-1.9290021862519278,1.0,-0.0020363026785969367,-113.3702715884148,1.0,0.0,0.0,0.0,0.0,-396.0,0.0,0.0,0.0,0.0,0.0,0.0,0.0,-0.06276150627615062,-2080.0,0.0007845188284518828,0.0,-1760.0,0.0
135168,33,1,2.5D_no_obstacles,1,0,0.0,0.0,0.0,100.0,-125.75226492054941,2400.0,54.2440484892598,43.43412271056779,0.37236933167065767,0.0,0.0,0.0,0.13477946037862873,0.585643318048739,0.6801656453887214,0.5082852571382924,0.22336007350567505,1.4423074132255689,7.181038905928054,13.03105854982142,0.0012278171556542956,0.03613509271557191,0.9481769977472123,0.14261554810839394,1230.5656946999952,109.84216493452077,0.027559322313754818,5.606634960323572,1.3408602178096771,0.11281749067129568,0.47158203125,-0.9701252579689026,-1.00571870803833,-0.8993527889251709,135250.0001,-0.0010370039637121041,-77.2040428494116,1.0,-0.0060000000000001346,-571.1760000000108,1.0,-0.00816198774466466,-848.9929681083333,1.0,-0.0020331410285531685,-198.90381470644638,1.0,-2.4556343119172496e-05,-1.9879374097379419,1.0,-0.0018067546368465063,-117.70648271684641,1.0,0.0,0.0,0.0,0.0,-396.0,0.0,0.0,0.0,0.0,0.0,0.0,0.0,0.0,-2080.0,0.0,-0.03333333333333333,-1840.0,0.0004166666666666667
139264,34,1,2.5D_no_obstacles,1,0,0.0,0.0,0.0,100.0,-169.58096977909355,2400.0,52.05177805031006,42.97770417823432,0.41220022531577816,0.0,0.0,0.0,0.1476284945485258,0.8293011982988725,1.0216565567818665,0.44882038056476936,0.356960049003354,3.1356875462836458,5.680822866521545,11.931701503252357,0.0017351948365027085,0.0687829286715058,0.8545634891969659,0.10090939046349376,1255.0208820999833,110.965484308894,0.02645490107825026,10.28608649354428,1.3506167709827424,0.11173575692810118,0.4770751953125,-0.9668638110160828,-1.003677487373352,-0.8950328826904297,139348.0001,-0.0008797268690028546,-79.31538733501844,1.0,-0.0060000000000001346,-585.5760000000112,1.0,-0.012259878681382414,-878.4166769436512,1.0,-0.0017952815222590833,-203.21249035986818,1.0,-3.470389672330946e-05,-2.0712267618738847,1.0,-0.0034391464385880063,-125.96043416945763,1.0,0.0,0.0,0.0,-0.012916666666666667,-427.0,0.012916666666666667,0.0,0.0,0.0,0.0,0.0,0.0,0.0,-2080.0,0.0,-0.03333333333333333,-1920.0,0.0004166666666666667
143360,35,1,2.5D_no_obstacles,1,0,0.0,0.0,0.0,100.0,-113.87236124952273,2400.0,72.00280545110436,72.00280545110436,0.22724704490578032,0.9733855980936128,0.0,0.0,0.1750813620213355,0.22642088713193356,0.5237106658134144,0.6104996429841655,0.05651894444832172,0.10085434406419802,2.1744764702004744,4.1053158087380135,0.0002026018046978765,0.0060913551919765585,0.9966547018097458,0.18326845156028868,1280.2722248000791,111.97618539477912,0.02754102231701836,6.412030936591327,1.3570344932377338,0.7850056283641607,0.7586181640625,-0.9664595723152161,-1.0031808614730835,-0.893688976764679,143446.0001,0.0009216625030025819,-77.10339732781225,1.0,-0.0060000000000001346,-599.9760000000115,1.0,-0.006284527989760963,-893.4995441190774,1.0,-0.002441998571936659,-209.07328693251617,1.0,-4.052036092587255e-06,-2.080951648496094,1.0,-0.00030456775918015255,-126.69139679148999,1.0,0.0,0.0,0.0,0.0,-427.0,0.0,0.0,0.0,0.0,0.0,0.0,0.0,0.0,-2080.0,0.0,-0.03333333333333333,-2000.0,0.0004166666666666667
147456,36,1,2.5D_no_obstacles,1,0,0.0,0.0,0.0,100.0,-118.02791023203254,2400.0,84.31188850154984,84.31188850154984,0.1046774535679027,0.3629582896222796,0.0,0.0,0.07645092356483225,0.12021558148221106,0.6207288367860019,0.5899538024760356,0.14754738978870952,0.30814926196799286,3.9239548447550705,8.165347673981653,0.00019644394291307745,0.0038155784575938548,0.9825955030818094,0.08678370151979228,1366.752864100039,107.8878295214657,0.0449694300245028,13.538657785207032,1.3624105602502823,0.3840999807463959,0.736962890625,-0.9642367959022522,-1.0055080652236938,-0.8915788531303406,147544.0001,0.0001583064562875897,-76.72346183272204,1.0,-0.0060000000000001346,-614.3760000000118,1.0,-0.007448746041432027,-911.3765346185143,1.0,-0.0023598152099041426,-214.7368434362861,1.0,-3.928878858067926e-06,-2.090380957755457,1.0,-0.0001907789227735748,-127.14926620614658,1.0,0.0,0.0,0.0,0.0,-427.0,0.0,0.0,0.0,0.0,0.0,0.0,0.0,0.0,-2080.0,0.0,-0.03333333333333333,-2080.0,0.0004166666666666667
151552,37,1,2.5D_no_obstacles,1,0,0.0,0.0,100.0,0.0,-118.22598405041953,2355.0,104.12864209082765,85.04238523898815,0.2712058315669736,0.0,0.0,0.0,0.19587253339429944,0.24329959154101852,0.5600023787895775,0.6095784473504313,0.07640219616333159,0.22077490984346904,10.869144560294655,22.893540962818,0.0006249001316197253,0.0021599337937964276,0.992793331876542,0.19471062988738852,1392.7378860000754,108.81588095176711,0.04256323705194518,7.027802617102862,1.3650060996413231,0.22146080888342112,0.59150390625,-0.9636639952659607,-1.0050171613693237,-0.8908884525299072,151642.0001,-0.000953003333872749,-78.96778468399236,1.0,-0.006000000000000133,-628.5060000000121,1.0,-0.00672002854547493,-927.2022018431077,1.0,-0.0024383137894017186,-220.47907241032715,1.0,-1.2498002645046125e-05,-2.1198137539845403,1.0,-0.00010799668971788685,-127.4035984104322,1.0,0.0,0.0,0.0,0.0,-427.0,0.0,0.0,0.0,0.0,0.0,0.0,0.0,-0.03397027600849257,-2160.0,0.0004246284501061571,0.0,-2080.0,0.0
155648,38,1,2.5D_no_obstacles,2,0,0.0,0.0,100.0,0.0,-165.0068762527015,1597.5,105.94312538242156,94.86028943465683,0.3936193682002984,0.0,0.0,0.0,0.4679157011444771,0.8109064834486819,0.7887148278434921,0.5426557065080687,0.5907252278170078,1.7966736915609598,12.092483513545558,28.318777348774184,0.004365931793103292,0.23098637659943755,0.6946561772438123,0.32369701784347205,1419.6116664999863,109.64125166972309,0.05132396332337521,14.377173675596714,1.3676069676876068,0.5303202225477435,0.6839111328125,-0.9629061222076416,-1.004805088043213,-0.8883048892021179,155741.0001,-0.0006683151782712703,-81.10305167856907,1.0,-0.006000000000000089,-647.6760000000124,1.0,-0.009421688023170217,-957.3044950771365,1.0,-0.002173742698372747,-227.42418033162807,1.0,-8.627063351562681e-05,-2.395448428066968,1.0,-0.01138824716163179,-163.78904809184576,1.0,0.0,0.0,0.0,-0.023474178403755867,-502.0,0.023474178403755867,0.0,0.0,0.0,0.0,0.0,0.0,-0.050078247261345854,-2320.0,0.0006259780907668231,0.0,-2080.0,0.0
159744,39,1,2.5D_no_obstacles,1,0,0.0,0.0,100.0,0.0,-254.71619630303547,2300.0,62.85706514357787,47.99454523770607,1.0462148520097305,0.0,0.0,0.0,0.436631356896877,1.134877614250515,1.0503884953129834,0.45902696688670563,0.9062762688325986,3.140381570549634,10.325478333452475,29.024303131146144,0.008094189565244943,0.4020294138591137,0.4769237413483833,0.17716658708517966,1444.3642762000673,110.59813831747867,0.048468065532506446,7.260009250044822,1.3704933375120163,0.15071025928482412,0.5306884765625,-0.9610614776611328,-1.003589153289795,-0.8854795694351196,159839.0001,-0.0013463957506965334,-84.1997619051711,1.0,-0.006000000000000131,-661.4760000000127,1.0,-0.012604661943755797,-986.2952175477749,1.0,-0.0018361078675468252,-231.64722842698578,1.0,-0.00016188379124924807,-2.7677811479402386,1.0,-0.020101470778505784,-210.02243088240905,1.0,0.0,0.0,0.0,-0.03391304347826087,-580.0,0.03391304347826087,0.0,0.0,0.0,0.0,0.0,0.0,-0.034782608695652174,-2400.0,0.0004347826086956522,0.0,-2080.0,0.0
163840,40,1,2.5D_no_obstacles,2,0,0.0,0.0,100.0,0.0,-152.6165526029704,1767.5,109.29063129389851,97.66511309353896,0.31831246763210974,0.0,0.0,0.0,0.36762623552264384,1.318711343517688,0.9263394823870141,0.5001188428674384,0.5655061909685966,2.6418685569591256,10.006445631906697,22.530901679542314,0.0050567848557369986,0.25796684441976525,0.710671168113566,0.2582038784096119,1469.1455247000558,111.52060653314106,0.030907091402332297,9.058912555873395,1.373556922376156,0.10804285146296025,0.5054443359375,-0.9608316421508789,-1.0064504146575928,-0.8792415857315063,163938.0001,-0.0006712875280163612,-86.57276331670894,1.0,-0.006000000000000102,-682.6860000000131,1.0,-0.010670631308765376,-1024.0158992242605,1.0,-0.002040054447759442,-238.8588208998154,1.0,-8.843583124371983e-05,-3.080401811386788,1.0,-0.011430044973590067,-250.42763986404992,1.0,0.0,0.0,0.0,-0.010183875530410185,-616.0,0.010183875530410185,0.0,0.0,0.0,0.0,0.0,0.0,-0.04526166902404526,-2560.0,0.0005657708628005657,0.0,-2080.0,0.0
167936,41,1,2.5D_no_obstacles,1,0,0.0,0.0,0.0,100.0,-116.13334862915784,2400.0,70.72278973900039,70.72278973900039,0.08743118199352891,0.5370531206062131,0.0,0.0,0.054066862248782876,0.07929761703028408,0.5594477671419251,0.6032585562129195,0.44201019514680107,0.8067550929765908,2.7547382551728914,4.807692002671488,0.00030827141115107146,0.002372713828535958,0.8904203239987447,0.06435607380233704,1551.4704308999935,108.24311998172075,0.07100445940159261,10.56158818975091,1.3777044646441936,0.6689258012571372,0.741259765625,-0.9590089917182922,-1.0034865140914917,-0.8755611181259155,168036.0001,0.0001956466213663103,-86.1032114254298,1.0,-0.0060000000000001346,-697.0860000000134,1.0,-0.006713373205703113,-1040.127994917948,1.0,-0.0024130342248516747,-244.65010303945942,1.0,-6.165428219265665e-06,-3.0951988391130256,1.0,-0.00011863569140804826,-250.71236552342924,1.0,0.0,0.0,0.0,0.0,-616.0,0.0,0.0,0.0,0.0,0.0,0.0,0.0,0.0,-2560.0,0.0,-0.03333333333333333,-2160.0,0.0004166666666666667
172032,42,1,2.5D_no_obstacles,1,0,0.0,0.0,0.0,100.0,-133.3777945560919,2400.0,35.94798274912702,35.94796096230972,0.5851443934464083,0.49183303572277887,0.0,0.0,0.246121922214043,0.7877741342333243,0.8495241512468783,0.5099029336500704,0.3370361271052628,1.2892661540882029,7.377086322328523,18.63587357175405,0.001344925232789713,0.10358173209880205,0.9065666549883845,0.16248399776717026,1575.861312400084,109.16696707148049,0.17212954560527577,8.494131004437804,1.3824107639491559,0.8410679825115949,0.7298828125,-0.957160472869873,-1.0005048513412476,-0.8732131123542786,172134.0001,0.0011991389306871313,-83.22527799178069,1.0,-0.0060000000000001346,-711.4860000000137,1.0,-0.010194289814962542,-1064.594290473858,1.0,-0.00203961173460028,-249.5451712025001,1.0,-2.6898504662705182e-05,-3.159755250303518,1.0,-0.005179086608166559,-263.142173383029,1.0,0.0,0.0,0.0,0.0,-616.0,0.0,0.0,0.0,0.0,0.0,0.0,0.0,0.0,-2560.0,0.0,-0.03333333333333333,-2240.0,0.0004166666666666667
176128,43,1,2.5D_no_obstacles,1,0,0.0,0.0,0.0,100.0,-126.85672807754891,2400.0,79.94676022606312,79.94676022606312,0.2523297017109086,0.16928952868958658,0.0,0.0,0.17560931516642575,0.3035075183804408,0.8577860627602786,0.5145096046910719,0.3584091450401025,0.9454958754052507,9.442184004986784,19.568724511473686,0.0009360682483230933,0.02662861463254337,0.8908336702346793,0.14499682294825714,1600.2585804000264,110.062212543158,0.032974706673121544,4.228923634067177,1.3872551158070565,0.2713176020188257,0.57509765625,-0.9560553431510925,-0.9998504519462585,-0.8709471821784973,176232.0001,0.00017798656782093213,-82.79811022901045,1.0,-0.0060000000000001346,-725.8860000000141,1.0,-0.010293432753123333,-1089.2985290813542,1.0,-0.002058038418764286,-254.48446340753438,1.0,-1.872136497664632e-05,-3.2046865262474693,1.0,-0.0013314307299353517,-266.33760713487385,1.0,0.0,0.0,0.0,0.0,-616.0,0.0,0.0,0.0,0.0,0.0,0.0,0.0,0.0,-2560.0,0.0,-0.03333333333333333,-2320.0,0.0004166666666666667
180224,44,1,2.5D_no_obstacles,1,0,0.0,0.0,0.0,100.0,-113.62283556866942,2400.0,98.42015666025594,98.42015666025594,0.08193779849087764,0.9085986865618925,0.0,0.0,0.07260834600441379,0.12408121060576306,0.45313035811532854,0.6833687957389823,0.18515643451787372,0.4398556220868719,1.5918049992378889,3.3805194805759986,0.00021415325371158865,0.0028878935086103707,0.9730810962722476,0.07408978070617499,1624.637057300075,110.93185348086772,0.027887699629354758,6.728489416651428,1.3881747290492057,0.46992222047410903,0.638720703125,-0.9563338160514832,-0.999164879322052,-0.8707879781723022,180330.0001,0.0003102024003691024,-82.0536244681246,1.0,-0.0060000000000001346,-740.2860000000144,1.0,-0.005437564297383934,-1102.3486833950756,1.0,-0.0027334751829559316,-261.0448038466286,1.0,-4.283065075913259e-06,-3.214965882429661,1.0,-0.00014439467523219454,-266.68415435543113,1.0,0.0,0.0,0.0,0.0,-616.0,0.0,0.0,0.0,0.0,0.0,0.0,0.0,0.0,-2560.0,0.0,-0.03333333333333333,-2400.0,0.0004166666666666667
184320,45,1,2.5D_no_obstacles,1,0,0.0,0.0,0.0,100.0,-117.87116048466045,2400.0,119.81747499800807,108.56051178512872,0.14300606447141712,0.0,0.0,0.0,0.12937342956161826,0.19209764519433528,0.570509185049256,0.5862098546065682,0.07673819782885487,0.1663004118214153,6.905543920390992,14.431005970184827,0.0007016808411847862,0.002852257076162211,0.9932417124341933,0.13615013231833775,1648.8546377000166,111.78668864170315,0.15895032004336826,8.061344454437494,1.3897174589335919,0.8323241202859208,0.72353515625,-0.9549340605735779,-1.0002621412277222,-0.8685477375984192,184428.0001,-0.00043205409237415256,-83.09055428982256,1.0,-0.0060000000000001346,-754.6860000000147,1.0,-0.006846110220591067,-1118.7793479244942,1.0,-0.0023448394184262793,-266.6724184508517,1.0,-1.403361683231195e-05,-3.2486465628272096,1.0,-0.00014261285371805846,-267.0264252043545,1.0,0.0,0.0,0.0,0.0,-616.0,0.0,0.0,0.0,0.0,0.0,0.0,0.0,0.0,-2560.0,0.0,-0.03333333333333333,-2480.0,0.0004166666666666667
188416,46,1,2.5D_no_obstacles,1,0,0.0,0.0,0.0,100.0,-117.016817456062,2400.0,81.96341096022479,81.94933955082415,0.0849387509338276,0.023497954791860065,0.0,0.0,0.05813160535496752,0.09673174868274544,0.5684821816448433,0.6155518947070232,0.208537613289066,0.4491175107591716,3.665849723996317,6.515407342097488,0.0006096368039441213,0.002716072819699519,0.9669354287678008,0.06720334177060673,1732.886861899984,108.72954498218978,0.012532744539203122,20.265847427397965,1.3953654140233993,0.33658690480515363,0.6725830078125,-0.9532082080841064,-0.9998934864997864,-0.8608693480491638,188526.0001,8.316195539667269e-06,-83.07059542052737,1.0,-0.0060000000000001346,-769.086000000015,1.0,-0.006821786179738113,-1135.1516347558656,1.0,-0.0024622075788280967,-272.58171664003913,1.0,-1.2192736094407412e-05,-3.2779091294537874,1.0,-0.0001358036409048774,-267.3523539425262,1.0,0.0,0.0,0.0,0.0,-616.0,0.0,0.0,0.0,0.0,0.0,0.0,0.0,0.0,-2560.0,0.0,-0.03333333333333333,-2560.0,0.0004166666666666667
192512,47,1,2.5D_no_obstacles,2,0,0.0,0.0,100.0,0.0,-120.94375197677655,1591.5,61.02062499374912,43.08223855322094,0.5436731037118194,0.0,0.0,0.0,0.29746684662586764,0.39678462687290084,1.2243326213407741,0.39608605200957336,0.4343442898641253,0.7921085250203181,11.146482457820843,22.699732400100274,0.0010226583371890394,0.019251356090712844,0.8906166103225835,0.2988538983428289,1757.4781080000103,109.53877554644275,0.059974532702472064,7.235288497060537,1.3994667269289494,0.2688080532941967,0.6136962890625,-0.9511166214942932,-0.9990476965904236,-0.8558365702629089,192625.0001,-0.0026168492804983633,-91.40002668035366,1.0,-0.006000000000000088,-788.1840000000153,1.0,-0.014615214011699493,-1181.671860955105,1.0,-0.0015805071392555664,-277.6124708642896,1.0,-1.9731262072101367e-05,-3.340713736629286,1.0,-0.0008942154140940298,-270.19864160558745,1.0,0.0,0.0,0.0,0.0,-616.0,0.0,0.0,0.0,0.0,0.0,0.0,0.0,-0.05026704366949419,-2720.0,0.0006283380458686773,0.0,-2560.0,0.0
196608,48,1,2.5D_no_obstacles,1,0,0.0,0.0,0.0,100.0,-174.30320505206356,2400.0,20.593496761186962,19.271813378930254,0.9493108588131286,0.46666800915051904,0.0,0.0,0.2924908240875826,0.5727606061208339,1.2640282559891542,0.41254817277613864,1.229674645049979,3.141274657070321,3.431720185142658,11.960665770730268,0.0016720661773846797,0.24073833108930412,0.3069846060899308,0.1667672192429503,1783.243926999974,110.25300410290019,0.16878681945381685,8.964066948741674,1.4097187012434005,0.7368763268925249,0.7083740234375,-0.9463646411895752,-0.9995924830436707,-0.844605028629303,196723.0001,0.0018458875356137149,-86.96989659488075,1.0,-0.0060000000000001346,-802.5840000000156,1.0,-0.015168339071869893,-1218.075874727593,1.0,-0.0016501926911045572,-281.57293332294057,1.0,-3.3441323544860636e-05,-3.4209729131369517,1.0,-0.012036916554120973,-299.0872413354778,1.0,0.0,0.0,0.0,-0.00625,-631.0,0.00625,0.0,0.0,0.0,0.0,0.0,0.0,0.0,-2720.0,0.0,-0.03333333333333333,-2640.0,0.0004166666666666667
200704,49,1,2.5D_no_obstacles,3,0,0.0,0.0,100.0,0.0,-121.1665971454044,1213.3333333333333,54.426893876675855,46.87401586231067,0.5075217731066167,0.011203815703105852,0.0,0.0,0.39405597010301713,0.5918527475241585,1.2390091937301333,0.42801518256397825,1.1194835163854688,1.699332051792691,9.850901422925917,21.819783003275845,0.0016064201161196292,0.22569675140067913,0.3485208196802351,0.24080842945894773,1808.7951171000022,110.96005186136499,0.1188429151137825,17.048783200979233,1.4322395853698253,0.7389058342436329,0.7420654296875,-0.9376924633979797,-0.9941253066062927,-0.8294878005981445,200823.0001,-0.0009429315897478761,-90.40216758156302,1.0,-0.0060000000000000435,-824.4240000000158,1.0,-0.014868555668356657,-1272.1974173604112,1.0,-0.0017179244614097782,-287.82617836247215,1.0,-3.024118592000242e-05,-3.5310508298857606,1.0,-0.010368861225393466,-336.82989619591,1.0,0.0,0.0,0.0,0.0,-631.0,0.0,0.0,0.0,0.0,0.0,0.0,0.0,-0.06593406593406594,-2960.0,0.0008241758241758242,0.0,-2640.0,0.0
204800,50,1,2.5D_no_obstacles,1,0,0.0,0.0,0.0,100.0,-141.25442986588433,2400.0,29.66200057445998,29.66200057445998,0.5984684252264169,0.8584602539975332,0.0,0.0,0.3042362531913273,0.5142897826645435,1.2311801120142143,0.4077392370464713,0.4240641146987172,1.178736002838063,4.347840720259136,11.820844625640103,0.0008396619362657546,0.10482879793838293,0.865383347358544,0.19540439730510115,1833.3926596000092,111.70547614425442,0.06702421325899195,6.72952268384397,1.4476016156375409,0.6139434120617807,0.6751708984375,-0.9352335929870605,-0.9919507503509521,-0.8231892585754395,204921.0001,0.0021406723180390588,-85.26455401826928,1.0,-0.0060000000000001346,-838.8240000000161,1.0,-0.0147741613441706,-1307.6554045864207,1.0,-0.0016309569481858868,-291.7404750381183,1.0,-1.679323873200216e-05,-3.5713546028425656,1.0,-0.005241439897735712,-349.4093519504757,1.0,0.0,0.0,0.0,0.0,-631.0,0.0,0.0,0.0,0.0,0.0,0.0,0.0,0.0,-2960.0,0.0,-0.03333333333333333,-2720.0,0.0004166666666666667
208896,51,1,2.5D_no_obstacles,2,0,0.0,0.0,50.0,50.0,-129.21186579254862,1526.0,93.48835711473693,82.50865546035544,0.3524755579772709,0.3544770733580555,0.0,0.0,0.5399249088451189,2.1130624869027153,1.2495634209611484,0.42482508620218074,0.4266274972067,1.6440168642846253,7.636718053171881,17.906383730613328,0.0017855277546599175,0.14911320708923909,0.8364303714580219,0.29185259564564486,1923.8447047000518,108.58256879552508,0.051238625196856444,6.35232696402818,1.45519300699234,0.5688181360252201,0.67509765625,-0.9325845837593079,-0.9973630905151367,-0.8145984411239624,209020.0001,-0.0004669335760247311,-86.68963529229676,1.0,-0.006000000000000084,-857.1360000000163,1.0,-0.014937316592055234,-1353.2440948253732,1.0,-0.001765546754581357,-297.1289237331006,1.0,-2.9742240295538402e-05,-3.662127920224549,1.0,-0.00904938992783509,-377.02809001022837,1.0,0.0,0.0,0.0,0.0,-631.0,0.0,0.0,0.0,0.0,0.0,0.0,0.0,-0.02621231979030144,-3040.0,0.000327653997378768,-0.02621231979030144,-2800.0,0.000327653997378768
212992,52,1,2.5D_no_obstacles,2,0,0.0,0.0,50.0,50.0,-136.50304648088613,1910.0,73.0453824986055,62.822217612645915,0.5131149014025689,0.11344724967294015,0.0,0.0,0.35384125821343204,0.6507104445984933,1.2742655952900928,0.40364922660910657,0.5971195184456086,1.7061521335953764,13.599959504813135,29.54492007669758,0.0014475152901959796,0.10840741487268842,0.7615396914431276,0.3013089198001743,1952.023532900028,109.11343864977282,0.043401464843191205,6.323378437384963,1.4605057895183564,0.3843686746899039,0.6395751953125,-0.9320087432861328,-0.9998941421508789,-0.8110411763191223,213119.0001,-0.0009395278484920132,-90.27863167353625,1.0,-0.006000000000000111,-880.0560000000168,1.0,-0.015218337633784525,-1411.3781445864302,1.0,-0.0016241630465572046,-303.3332265709491,1.0,-2.8228332469029204e-05,-3.7699601502562405,1.0,-0.005772489987328708,-399.07900176182403,1.0,0.0,0.0,0.0,0.0,-631.0,0.0,0.0,0.0,0.0,0.0,0.0,0.0,-0.020942408376963352,-3120.0,0.0002617801047120419,-0.020942408376963352,-2880.0,0.0002617801047120419
217088,53,1,2.5D_no_obstacles,1,0,0.0,0.0,0.0,100.0,-142.11066946784018,2400.0,91.58370242622688,91.58370242622688,0.23507308270356098,0.7163272374338477,0.0,0.0,0.21573457799270518,0.45360734810338427,1.2679906415442626,0.4320137269979629,0.3663726205540978,0.8711147575693357,6.137849264005003,15.990684862304889,0.00084476025655967,0.07240459357273608,0.9008471403927886,0.13899005643712978,1980.8000487000681,109.59612008413848,0.04714170435327105,8.852357426658273,1.463496270775795,0.27832186154555527,0.6197509765625,-0.9301857948303223,-0.9982777237892151,-0.8053465485572815,217217.0001,0.0007016218830337514,-88.59473915425525,1.0,-0.0060000000000001346,-894.4560000000171,1.0,-0.015215887698531135,-1447.8962750629048,1.0,-0.0017280549079918524,-307.4805583501295,1.0,-1.6895205133458526e-05,-3.810508642576541,1.0,-0.0036202296829773613,-407.7675530009697,1.0,0.0,0.0,0.0,0.0,-631.0,0.0,0.0,0.0,0.0,0.0,0.0,0.0,0.0,-3120.0,0.0,-0.03333333333333333,-2960.0,0.0004166666666666667
221184,54,1,2.5D_no_obstacles,1,0,0.0,0.0,0.0,100.0,-150.17252244066518,2400.0,87.9963515312983,87.89201586882737,0.4646691292199433,0.39298513888957715,0.0,0.0,0.4168663990297111,0.5577465693100601,1.2539742350081602,0.4172273792063303,0.41549383776687043,1.0281085549187101,18.399654919946535,37.91300143986929,0.001074243084861901,0.14522665483310185,0.8664987062131989,0.30965108644217254,2007.822614600067,110.1611259837598,0.056768619135254994,5.354980601742864,1.4726881824433804,0.2295879290206358,0.5567626953125,-0.9265758395195007,-0.9936438798904419,-0.7985151410102844,221315.0001,0.0007608669261841606,-86.76865853141327,1.0,-0.0060000000000001346,-908.8560000000174,1.0,-0.015047690820097938,-1484.0107330311398,1.0,-0.0016689095168253194,-311.4859411905103,1.0,-2.148486169821999e-05,-3.8620723106522687,1.0,-0.007261332744506489,-425.1947515877853,1.0,0.0,0.0,0.0,0.0,-631.0,0.0,0.0,0.0,0.0,0.0,0.0,0.0,0.0,-3120.0,0.0,-0.03333333333333333,-3040.0,0.0004166666666666667
225280,55,1,2.5D_no_obstacles,2,0,0.0,0.0,50.0,50.0,-121.69248893796498,1385.5,76.28156054622804,66.23974040285624,0.49853544030236036,0.15231853603569412,0.0,0.0,0.7706349496385942,2.1783901364518505,1.2679697455748622,0.43334435077876676,0.32860375922531715,0.6456875439450838,10.43857552108178,25.55903137260332,0.0017830306586659687,0.14805433243608132,0.8978595452009124,0.2857937793794313,2034.2554243999766,110.7432219660658,0.056745327785029075,5.882852875068783,1.4763348802924157,0.1776589464629069,0.57060546875,-0.9269797801971436,-0.9967270493507385,-0.7961934208869934,225414.0001,4.3319975416577116e-05,-86.64861887953393,1.0,-0.006000000000000115,-925.4820000000177,1.0,-0.015043942076425933,-1525.697496524916,1.0,-0.0017221567518055645,-316.2580375497635,1.0,-2.8509322174629054e-05,-3.9410716423981658,1.0,-0.007340728380741161,-445.53590993081906,1.0,0.0,0.0,0.0,0.0,-631.0,0.0,0.0,0.0,0.0,0.0,0.0,0.0,-0.028870443883074703,-3200.0,0.00036088054853843375,-0.028870443883074703,-3120.0,0.00036088054853843375
229376,56,1,2.5D_no_obstacles,2,0,0.0,0.0,50.0,50.0,-178.72219392409698,1814.0,51.899812097427954,44.65531176824418,0.5435640947828606,0.04696309926098678,0.0,0.0,0.3019247073223016,0.87728304342411,1.2593693510658968,0.4202912523488871,0.8414878783812682,2.275779717840149,8.542142933536134,18.99789680505838,0.002773119422005134,0.2585457109770535,0.601436737568153,0.20951298214704756,2118.55376410007,108.27008683323903,0.05941213698242791,6.900232949852944,1.4755681991577148,0.15323541256366296,0.5495361328125,-0.9271188378334045,-0.9975441098213196,-0.7911222577095032,229513.0001,-0.0005873731445634358,-88.77960864801007,1.0,-0.006000000000000105,-947.2500000000181,1.0,-0.015181843805733683,-1580.777225852118,1.0,-0.0016812716349012115,-322.3576910411851,1.0,-5.457549964529253e-05,-4.139071555111287,1.0,-0.013001106766367433,-492.7039252792001,1.0,0.0,0.0,0.0,-0.017916207276736495,-696.0,0.017916207276736495,0.0,0.0,0.0,0.0,0.0,0.0,-0.022050716648291068,-3280.0,0.0002756339581036384,-0.022050716648291068,-3200.0,0.0002756339581036384
233472,57,1,2.5D_no_obstacles,2,0,0.0,0.0,100.0,0.0,-132.27057956706557,1302.5,85.99899991699223,74.66074280615538,0.3272233639589718,0.0,0.0,0.0,0.374507835157848,0.8789562285161279,1.2562340804800087,0.4417510594896543,1.0714016199400704,2.460635952129329,8.904622344544514,23.497733387245624,0.0025920374344010587,0.20245257414920426,0.4342536763799502,0.26051107441619537,2145.065827200073,108.84141504633824,0.03990926466067322,6.791569285839796,1.4752063989639281,0.08514562906930223,0.458935546875,-0.9270132184028625,-0.995262086391449,-0.7922659516334534,233612.0001,-0.0011362034350498045,-91.7394185963148,1.0,-0.0060000000000000565,-962.8800000000182,1.0,-0.01509173160761651,-1620.091186689959,1.0,-0.0017651275749564984,-326.95584837394676,1.0,-5.222171914633431e-05,-4.275109133487488,1.0,-0.010327521472878128,-519.6071187160477,1.0,0.0,0.0,0.0,-0.005758157389635317,-711.0,0.005758157389635317,0.0,0.0,0.0,0.0,0.0,0.0,-0.061420345489443376,-3440.0,0.0007677543186180423,0.0,-3200.0,0.0
237568,58,1,2.5D_no_obstacles,1,0,0.0,0.0,100.0,0.0,-136.83492018469138,1781.0,68.1641700809733,62.542722984105815,0.553473973616826,0.022780929299801585,0.0,0.0,0.4290719396283857,0.7534416311141278,1.2547938209916019,0.4080819216604801,1.093915134218787,2.20803491194591,15.256389556774424,35.3650792084799,0.0018226462370020576,0.18512582691096657,0.3619207941032509,0.25508025658391686,2172.3187096000183,109.36148501144318,0.030953117279568686,2.571434290520847,1.4795707561075688,0.07187378264497965,0.4407470703125,-0.9249278903007507,-0.9927616119384766,-0.7908838987350464,237710.0001,7.079534790704644e-05,-91.61333208169236,1.0,-0.0060000000000001025,-973.5660000000183,1.0,-0.015057525851899222,-1646.9086402321914,1.0,-0.0016323276866419187,-329.863023983856,1.0,-3.645292475149568e-05,-4.340031792469902,1.0,-0.009256291346541067,-536.0925736042374,1.0,0.0,0.0,0.0,0.0,-711.0,0.0,0.0,0.0,0.0,0.0,0.0,0.0,-0.044918585064570464,-3520.0,0.0005614823133071309,0.0,-3200.0,0.0
241664,59,1,2.5D_no_obstacles,1,0,0.0,0.0,0.0,100.0,-145.0060361843017,2400.0,94.93826040475079,94.41717530582905,0.3424140176499018,0.3742457939633769,0.0,0.0,0.3107193471248099,0.5046068144878605,1.2280030914396047,0.4208529184472112,0.5133302347941422,1.7640880429045223,12.688563397536884,30.165596511760818,0.0013676437905311004,0.10345985241732536,0.7874528435357164,0.21168116647129256,2199.9244926000247,109.85104298483652,0.012152883430826478,2.6169371720403434,1.478914013504982,0.06767247298848815,0.3888916015625,-0.9266656041145325,-0.9960731267929077,-0.789150595664978,241808.0001,0.0005339458579149049,-90.3318620226966,1.0,-0.0060000000000001346,-987.9660000000187,1.0,-0.014736037097275266,-1682.275129265652,1.0,-0.001683411673788845,-333.9032120009492,1.0,-2.7352875864639268e-05,-4.405678694545037,1.0,-0.005172992621111918,-548.5077558949059,1.0,0.0,0.0,0.0,0.0,-711.0,0.0,0.0,0.0,0.0,0.0,0.0,0.0,0.0,-3520.0,0.0,-0.03333333333333333,-3280.0,0.0004166666666666667
245760,60,1,2.5D_no_obstacles,1,0,0.0,0.0,0.0,100.0,-144.78848996195097,2400.0,80.12742670971794,80.12742670971794,0.4035046844383166,0.5888622352495734,0.0,0.0,0.35340328488555633,0.5109008097863565,1.2204330372562011,0.42580108810000333,0.3601239168471717,0.9378494701994073,13.29722200783134,28.630247559804143,0.001296296211945677,0.1122182710793692,0.9070802452208323,0.23696046927943826,2227.355939900037,110.3371022105383,0.031424516937113366,4.044649657234549,1.4776289455592633,0.18357959000859408,0.53056640625,-0.9260225296020508,-0.9958316683769226,-0.7872153520584106,245906.0001,0.0009900361267167522,-87.95577531857639,1.0,-0.0060000000000001346,-1002.366000000019,1.0,-0.014645196447074425,-1717.4236007386305,1.0,-0.0017032043524000129,-337.99090244670924,1.0,-2.5925924244356104e-05,-4.4679009127314915,1.0,-0.005610913553810863,-561.973948424052,1.0,0.0,0.0,0.0,0.0,-711.0,0.0,0.0,0.0,0.0,0.0,0.0,0.0,0.0,-3520.0,0.0,-0.03333333333333333,-3360.0,0.0004166666666666667
249856,61,1,2.5D_no_obstacles,1,0,0.0,0.0,0.0,100.0,-435.9725910833119,2400.0,25.23540445570488,13.490323516063722,1.6576696946725118,0.197792257250456,0.0,0.0,0.5186524991403496,0.9528607941492708,1.334672828167677,0.40117723684537926,1.0180125910045883,3.1359936569418396,9.737538831126265,25.23540445570488,0.0066427762398023745,0.47702167539590323,0.23127115143375576,0.20853248242909708,2317.9367576000514,107.79241460353572,0.12988894052105024,16.69241005778313,1.4797512233257293,0.6193868379574269,0.50341796875,-0.9245521426200867,-0.9957334995269775,-0.7864507436752319,250004.0001,0.0013661426278539558,-84.67703301172689,1.0,-0.0060000000000001346,-1016.7660000000193,1.0,-0.01601607393801215,-1755.8621781898596,1.0,-0.0016047089473815175,-341.8422039204249,1.0,-0.00013285552484245089,-4.7867541723533735,1.0,-0.023851083835664012,-619.2165496296456,1.0,0.0,0.0,0.0,-0.10208333333333333,-956.0,0.10208333333333333,0.0,0.0,0.0,0.0,0.0,0.0,0.0,-3520.0,0.0,-0.03333333333333333,-3440.0,0.0004166666666666667
253952,62,1,2.5D_no_obstacles,1,0,0.0,0.0,0.0,100.0,-142.1876219533197,2400.0,116.04254370614298,104.8908215075257,0.12539425845281824,0.0,0.0,0.0,0.10960588984535934,0.2367743507038235,1.2276817125330368,0.43383839636683774,0.31387627207512747,1.0372951239840025,6.245276923173588,11.98588373839985,0.0008323296911612188,0.05968678277203975,0.9216431384266535,0.18330156894090274,2346.098041200079,108.24441073660253,0.00623153893975541,3.9881493754684927,1.484434299916029,0.09056620929040946,0.426513671875,-0.9241674542427063,-0.9945852160453796,-0.7846876978874207,254102.0001,-0.0004429892767840654,-85.74020727600865,1.0,-0.0060000000000001346,-1031.1660000000197,1.0,-0.014732180550396426,-1791.219411510811,1.0,-0.0017353535854673537,-346.00705252554656,1.0,-1.664659383127639e-05,-4.826705997548437,1.0,-0.0029843391407374234,-626.3789635674153,1.0,0.0,0.0,0.0,0.0,-956.0,0.0,0.0,0.0,0.0,0.0,0.0,0.0,0.0,-3520.0,0.0,-0.03333333333333333,-3520.0,0.0004166666666666667
258048,63,1,2.5D_no_obstacles,1,0,0.0,0.0,0.0,100.0,-164.49375690779692,2400.0,60.827445552006225,56.34822154322864,0.4427265498673658,0.0,0.0,0.0,0.20789044762496417,0.625906042211907,1.241803349678715,0.4355631090021901,0.7211876975461309,1.6104410457436291,12.293011564590342,20.161445297399286,0.0018656429672345841,0.24386621075717257,0.6649184802542504,0.2020859964378178,2373.737261399976,108.70958812341733,0.10391657692380249,4.332235379517078,1.485777697712183,0.1528459052089602,0.4472412109375,-0.9231393933296204,-0.9947594404220581,-0.781586766242981,258200.0001,-0.00033121601460994873,-86.53512571107252,1.0,-0.0060000000000001346,-1045.56600000002,1.0,-0.01490164019614454,-1826.983347981558,1.0,-0.0017422524360087585,-350.18845837196756,1.0,-3.731285934079904e-05,-4.916256859966355,1.0,-0.01219331053881131,-655.6429088605624,1.0,0.0,0.0,0.0,0.0,-956.0,0.0,0.0,0.0,0.0,0.0,0.0,0.0,0.0,-3520.0,0.0,-0.03333333333333333,-3600.0,0.0004166666666666667
262144,64,1,2.5D_no_obstacles,1,0,0.0,0.0,0.0,100.0,-141.12606603290592,2400.0,77.01091278578753,76.39778381561351,0.44592563196785395,0.11583220769959275,0.0,0.0,0.30176299456189876,0.46653447773995416,1.2215677833060423,0.41292208836753463,0.19550071855075293,0.5391773740874424,16.82568801066454,33.48319479706351,0.0005997251891387218,0.06723833767720644,0.9670359053449801,0.2872882078588009,2401.321845200029,109.16654113816364,0.029706269118469207,8.613709077611565,1.4888292342424392,0.31631910349242387,0.63330078125,-0.9224826693534851,-0.9955007433891296,-0.7798911333084106,262298.0001,0.00021521896008613493,-86.0186002068658,1.0,-0.0060000000000001346,-1059.9660000000204,1.0,-0.014658813399672477,-1862.164500140772,1.0,-0.0016516883534701367,-354.15251042029587,1.0,-1.1994503780355825e-05,-4.945043669039209,1.0,-0.003361916883540586,-663.7115093810598,1.0,0.0,0.0,0.0,0.0,-956.0,0.0,0.0,0.0,0.0,0.0,0.0,0.0,0.0,-3520.0,0.0,-0.03333333333333333,-3680.0,0.0004166666666666667
266240,65,1,2.5D_no_obstacles,1,0,0.0,0.0,0.0,100.0,-138.30293796099906,2400.0,122.74715569647567,122.74715569647567,0.2941183409557453,0.19087246808111344,0.0,0.0,0.3187456748786847,0.3770811479669084,1.2451066553592682,0.44373796252558045,0.11415379412448147,0.3197882901439031,17.535081521953927,34.90227142912134,0.0008625833234421006,0.03586640653705062,0.9889609020341451,0.31060369017223516,2429.0900278000627,109.604830184546,0.003943770629120991,7.25704572899267,1.489913161098957,0.19725276913377457,0.5068359375,-0.9225652813911438,-0.9962421655654907,-0.7791063785552979,266396.0001,0.00023391289019227273,-85.45720927040435,1.0,-0.0060000000000001346,-1074.3660000000207,1.0,-0.014941279864311211,-1898.0235718151189,1.0,-0.0017749518501023202,-358.41239486054144,1.0,-1.7251666441246506e-05,-4.986447668498201,1.0,-0.0017933203264204386,-668.0154781644688,1.0,0.0,0.0,0.0,0.0,-956.0,0.0,0.0,0.0,0.0,0.0,0.0,0.0,0.0,-3520.0,0.0,-0.03333333333333333,-3760.0,0.0004166666666666667
270336,66,1,2.5D_no_obstacles,1,0,0.0,0.0,0.0,100.0,-331.49954628823934,2400.0,25.089975828929795,21.258693401929893,1.293131235410312,0.3308636052192032,0.0,0.0,0.4725543270729211,0.8878268260687169,1.2943606016784905,0.4148491245370436,0.9654818370933144,3.1399307552118003,11.931983795713121,22.924218555026442,0.005265298885142207,0.5072097959875456,0.4111143829415436,0.10780527206292997,2517.9183630000334,107.36487885091786,0.05331020205048844,8.152553671598435,1.4912137329578399,0.09821463511907495,0.4294921875,-0.9210000038146973,-0.9948388338088989,-0.7750478386878967,270494.0001,0.0017827085940392404,-81.17870864471017,1.0,-0.0060000000000001346,-1088.766000000021,1.0,-0.015532327220141919,-1935.3011571434595,1.0,-0.0016593964981481727,-362.39494645609705,1.0,-0.00010530597785267932,-5.239182015344631,1.0,-0.025360489851329264,-728.8806538076591,1.0,0.0,0.0,0.0,-0.057916666666666665,-1095.0,0.057916666666666665,0.0,0.0,0.0,0.0,0.0,0.0,0.0,-3520.0,0.0,-0.03333333333333333,-3840.0,0.0004166666666666667
274432,67,1,2.5D_no_obstacles,1,0,0.0,0.0,0.0,100.0,-149.93705994101373,2400.0,88.95821603677815,76.24419193848868,0.3160909843013408,0.0,0.0,0.0,0.2008341806424782,0.46986514467275853,1.2535512846708299,0.42789442054623655,0.37400821933169415,1.3380505839493764,8.63384881584701,17.186434100674255,0.0017364603937320873,0.1131342198888796,0.883363680338608,0.2489289466974636,2545.315362500027,107.81846683644378,0.016305893429671415,3.234452430391684,1.4943348906934262,0.15303316015051677,0.379052734375,-0.9207132458686829,-0.9941322803497314,-0.7742594480514526,274592.0001,-0.0006948083396605231,-82.84624865989542,1.0,-0.0060000000000001346,-1103.1660000000213,1.0,-0.015042615416049952,-1971.4034341419795,1.0,-0.0017115776821849467,-366.5027328933409,1.0,-3.4729207889261164e-05,-5.322532114278857,1.0,-0.00565671099630437,-742.4567601987895,1.0,0.0,0.0,0.0,0.0,-1095.0,0.0,0.0,0.0,0.0,0.0,0.0,0.0,0.0,-3520.0,0.0,-0.03333333333333333,-3920.0,0.0004166666666666667
278528,68,1,2.5D_no_obstacles,1,0,0.0,0.0,0.0,100.0,-187.1930007974322,2400.0,51.43442515475872,51.43442515475872,0.7034036190280117,0.3426037438696244,0.0,0.0,0.39721808085393084,0.7734399890103977,1.2789358310898145,0.4157809923042684,0.9435092763274814,1.6272271002673109,14.742926001008348,32.27395168887604,0.0059150559853512795,0.45078429766235917,0.4531813197620314,0.07208238048168521,2572.8110138999764,108.25824302492993,0.03625094471790362,1.7454464452341198,1.4963590018451214,0.0581276246055495,0.377294921875,-0.9201381802558899,-0.996231198310852,-0.7723228931427002,278690.0001,0.0010041196388768318,-80.43636152659103,1.0,-0.0060000000000001346,-1117.5660000000216,1.0,-0.015347229973077798,-2008.236786077366,1.0,-0.0016631239692170697,-370.49423041946187,1.0,-0.00011830111960888637,-5.606454801340185,1.0,-0.02253921490923634,-796.5508759809568,1.0,0.0,0.0,0.0,0.0,-1095.0,0.0,0.0,0.0,0.0,0.0,0.0,0.0,0.0,-3520.0,0.0,-0.03333333333333333,-4000.0,0.0004166666666666667
282624,69,1,2.5D_no_obstacles,1,0,0.0,0.0,0.0,100.0,-168.7790735413271,2400.0,33.4349851758761,32.86712959305129,0.6092417877784497,0.4390895994860438,0.0,0.0,0.23174421408375181,0.7194022658181567,1.2668086860328913,0.42264864705902405,0.6300989344515595,2.0603632294869443,3.590751902386861,9.084042299533484,0.003282226084354512,0.3029593903649596,0.6561989339334282,0.07185316046544661,2600.477086900035,108.68159593627074,0.02126019452698529,1.6940870994701982,1.4954600535333156,0.12250021633226424,0.3424560546875,-0.9210655689239502,-0.9997789859771729,-0.769974410533905,282788.0001,0.0011146322191075036,-77.76124420073302,1.0,-0.0060000000000001346,-1131.966000000022,1.0,-0.015201704232394668,-2044.7208762351133,1.0,-0.001690594588236097,-374.5516574312285,1.0,-6.564452159406289e-05,-5.764001653165936,1.0,-0.015147969519102258,-832.9060028268023,1.0,0.0,0.0,0.0,0.0,-1095.0,0.0,0.0,0.0,0.0,0.0,0.0,0.0,0.0,-3520.0,0.0,-0.03333333333333333,-4080.0,0.0004166666666666667
286720,70,1,2.5D_no_obstacles,2,0,0.0,0.0,50.0,50.0,-225.0630057259201,1777.0,73.28488445522238,63.80323220365116,0.4734553418096855,0.27487893842778255,0.0,0.0,0.3899491174893424,0.6765093552882989,1.3028190626141172,0.39553244021394984,0.6064303981178499,2.2919155440102283,9.345562329404022,18.038267114856833,0.004115918911927163,0.3742203712914014,0.6476669990803202,0.2682617610362092,2629.003882799996,109.06031819726014,0.061308973369887096,8.032099322974682,1.4950249582529067,0.20987944023218005,0.4903564453125,-0.9201807975769043,-0.9999765157699585,-0.7685760855674744,286887.0001,0.0004777097020448698,-76.06346391966555,1.0,-0.0060000000000001025,-1153.2900000000222,1.0,-0.015484936533781928,-2099.7543406761743,1.0,-0.0016210204435332736,-380.31276408754576,1.0,-6.656711424282225e-05,-6.000581177184927,1.0,-0.015888756643643625,-889.3746439383117,1.0,0.0,0.0,0.0,-0.04305008441193022,-1248.0,0.04305008441193022,0.0,0.0,0.0,0.0,0.0,0.0,-0.022509848058525603,-3600.0,0.0002813731007315701,-0.022509848058525603,-4160.0,0.0002813731007315701
290816,71,1,2.5D_no_obstacles,1,0,0.0,0.0,0.0,100.0,-148.00588599008836,2400.0,54.43308685698118,54.43308685698118,0.4989399000955474,0.6702301323984088,0.0,0.0,0.34003186087698095,0.6441737734611939,1.2485972345620393,0.4156940717018369,0.9154734324909769,1.5423848471949726,9.237382752323121,22.959332193810408,0.0009083940447021358,0.14130054309124568,0.5579031524406107,0.1930130987924834,2719.7992830000585,106.92553741657625,0.03497847594553605,5.11042163297534,1.496921882033348,0.15694738588063045,0.4211181640625,-0.9199946522712708,-0.9999474883079529,-0.7664411067962646,290985.0001,0.0013933523137495299,-72.71941836666667,1.0,-0.0060000000000001346,-1167.6900000000226,1.0,-0.014983166814744476,-2135.713941031561,1.0,-0.0016627762868073462,-384.30342717588337,1.0,-1.8167880889427463e-05,-6.044184091319552,1.0,-0.0070650271605118215,-906.33070912354,1.0,0.0,0.0,0.0,0.0,-1248.0,0.0,0.0,0.0,0.0,0.0,0.0,0.0,0.0,-3600.0,0.0,-0.03333333333333333,-4240.0,0.0004166666666666667
294912,72,1,2.5D_no_obstacles,1,0,0.0,0.0,0.0,100.0,-407.00137133537027,2400.0,37.860235227453735,36.769205570826635,1.0761513501555418,0.25639951539225453,0.0,0.0,0.46891235385026914,0.8752519502125445,1.3556265422701836,0.35594972343649717,1.2847263284955561,3.140230532800283,10.002863821132939,22.809953641846803,0.009403137276948853,0.6370842137861331,0.08456755352241685,0.11203074373304844,2747.7300940999994,107.32931907440364,0.05408662223489955,7.790026061236858,1.4991093181073665,0.065966938494239,0.3696533203125,-0.918639600276947,-1.001421332359314,-0.7630227208137512,295083.0001,0.0011496861861191735,-69.96017151998066,1.0,-0.0060000000000001346,-1182.0900000000229,1.0,-0.016267518507242198,-2174.7559854489423,1.0,-0.0014237988937459889,-387.7205445208738,1.0,-0.00018806274546801288,-6.495534680442783,1.0,-0.03185421076273366,-982.7808149541008,1.0,0.0,0.0,0.0,-0.08166666666666667,-1444.0,0.08166666666666667,0.0,0.0,0.0,0.0,0.0,0.0,0.0,-3600.0,0.0,-0.03333333333333333,-4320.0,0.0004166666666666667
299008,73,1,2.5D_no_obstacles,1,0,0.0,0.0,0.0,100.0,-154.67142521220967,2400.0,113.63571906351379,97.66719735900232,0.23462878061914214,0.0,0.0,0.0,0.19096279519026574,0.373098161163595,1.2328821268181007,0.4179534899441448,0.5418235409092602,1.302452983084471,10.898507440160765,18.294636212754195,0.001357280502887631,0.1587660305028628,0.7697168336034219,0.27599101070314647,2775.8218961000675,107.71872663015439,0.0343561515735928,3.8572586357593535,1.5010940209031105,0.19908039027359337,0.44169921875,-0.9186968207359314,-1.0013716220855713,-0.7630094885826111,299181.0001,-0.0006812472242605874,-71.59516485820608,1.0,-0.0060000000000001346,-1196.4900000000232,1.0,-0.014794585521817194,-2210.2629907013034,1.0,-0.0016718139597765814,-391.73289802433754,1.0,-2.7145610059341167e-05,-6.560684144585202,1.0,-0.00793830152250697,-1001.8327386081176,1.0,0.0,0.0,0.0,0.0,-1444.0,0.0,0.0,0.0,0.0,0.0,0.0,0.0,0.0,-3600.0,0.0,-0.03333333333333333,-4400.0,0.0004166666666666667
303104,74,1,2.5D_no_obstacles,1,0,0.0,0.0,0.0,100.0,-141.2875831284808,2400.0,91.32683136444425,91.32683136444425,0.26649338700061026,0.8411450774628557,0.0,0.0,0.2614154130453923,0.48007109454558466,1.2449164073169232,0.42417791196067506,0.6286211005259028,1.2692949233493867,5.356055933955568,13.998109559531633,0.0012888491092477158,0.07618011570670163,0.7729578501158794,0.166424421860526,2803.5327207000228,108.1150213664412,0.011428511759731919,2.353225394617766,1.5014701135456563,0.13398664132109844,0.3290283203125,-0.9180683493614197,-0.9995819330215454,-0.7626082301139832,303279.0001,0.0009339983360498634,-69.3535688516864,1.0,-0.0060000000000001346,-1210.8900000000235,1.0,-0.014938996887803088,-2246.1165832320307,1.0,-0.0016967116478426973,-395.80500597916,1.0,-2.5776982192808038e-05,-6.622548901847941,1.0,-0.0038090057884115464,-1010.9743525003053,1.0,0.0,0.0,0.0,0.0,-1444.0,0.0,0.0,0.0,0.0,0.0,0.0,0.0,0.0,-3600.0,0.0,-0.03333333333333333,-4480.0,0.0004166666666666667
